session_id,T,Interviewer mentions 30 minutes / half an hour,Participant mentions 30 minutes / half an hour,"Participant mentions before any interviewer mention, or without one",Participant mentions after an interviewer mention
MI-MAINEXP-10045242,3,True,False,False,False
MI-MAINEXP-10056661,0,False,False,False,False
MI-MAINEXP-10085027,1,False,False,False,False
MI-MAINEXP-10127525,2,False,False,False,False
MI-MAINEXP-10162360,2,False,False,False,False
MI-MAINEXP-10221599,1,False,False,False,False
MI-MAINEXP-10239555,0,False,False,False,False
MI-MAINEXP-10306466,3,True,True,False,True
MI-MAINEXP-10427461,0,True,True,True,True
MI-MAINEXP-10435735,3,True,True,False,True
MI-MAINEXP-10444833,2,True,True,True,False
MI-MAINEXP-10458675,0,True,True,True,False
MI-MAINEXP-10482787,1,False,False,False,False
MI-MAINEXP-10493164,2,False,False,False,False
MI-MAINEXP-10502045,2,False,False,False,False
MI-MAINEXP-10558473,1,False,False,False,False
MI-MAINEXP-10573054,0,False,True,True,False
MI-MAINEXP-10585753,1,False,False,False,False
MI-MAINEXP-10639097,2,False,False,False,False
MI-MAINEXP-10639762,1,False,False,False,False
MI-MAINEXP-10712170,0,False,False,False,False
MI-MAINEXP-10723367,1,False,False,False,False
MI-MAINEXP-10724474,3,True,True,False,True
MI-MAINEXP-10759219,2,False,False,False,False
MI-MAINEXP-10864599,3,False,False,False,False
MI-MAINEXP-10882405,0,True,True,True,False
MI-MAINEXP-10895598,3,True,False,False,False
MI-MAINEXP-10896618,1,False,False,False,False
MI-MAINEXP-10937565,3,True,True,True,True
MI-MAINEXP-10947517,1,False,False,False,False
MI-MAINEXP-10970181,2,False,False,False,False
MI-MAINEXP-10976243,2,False,False,False,False
MI-MAINEXP-10986543,1,False,False,False,False
MI-MAINEXP-11035990,1,False,False,False,False
MI-MAINEXP-11066912,3,True,False,False,False
MI-MAINEXP-11076802,0,False,False,False,False
MI-MAINEXP-11131873,1,False,False,False,False
MI-MAINEXP-11143467,1,False,False,False,False
MI-MAINEXP-11149407,3,True,True,False,True
MI-MAINEXP-11182037,2,False,False,False,False
MI-MAINEXP-11200117,3,False,False,False,False
MI-MAINEXP-11218425,2,False,True,True,False
MI-MAINEXP-11287294,0,False,False,False,False
MI-MAINEXP-11313941,2,False,False,False,False
MI-MAINEXP-11318309,0,True,True,True,False
MI-MAINEXP-11333184,2,False,False,False,False
MI-MAINEXP-11371884,1,False,False,False,False
MI-MAINEXP-11420517,0,False,False,False,False
MI-MAINEXP-1149265,2,False,False,False,False
MI-MAINEXP-11544405,0,False,False,False,False
MI-MAINEXP-11565881,0,False,False,False,False
MI-MAINEXP-11600331,2,False,False,False,False
MI-MAINEXP-11712357,3,True,False,False,False
MI-MAINEXP-11765489,0,True,False,False,False
MI-MAINEXP-11799545,0,False,False,False,False
MI-MAINEXP-11805287,2,False,False,False,False
MI-MAINEXP-11838976,1,False,False,False,False
MI-MAINEXP-1185451,1,False,False,False,False
MI-MAINEXP-11912175,0,True,True,True,False
MI-MAINEXP-11921398,0,False,False,False,False
MI-MAINEXP-11938344,2,False,False,False,False
MI-MAINEXP-11949697,3,False,False,False,False
MI-MAINEXP-11954694,0,False,False,False,False
MI-MAINEXP-11955877,3,False,False,False,False
MI-MAINEXP-11965241,0,True,True,False,True
MI-MAINEXP-1197171,3,False,False,False,False
MI-MAINEXP-1197916,2,False,False,False,False
MI-MAINEXP-12106834,3,False,False,False,False
MI-MAINEXP-1212231,0,False,True,True,False
MI-MAINEXP-12196807,1,False,False,False,False
MI-MAINEXP-12198678,2,False,False,False,False
MI-MAINEXP-1221320,0,False,False,False,False
MI-MAINEXP-12217184,2,False,False,False,False
MI-MAINEXP-12244452,0,False,False,False,False
MI-MAINEXP-12265147,2,False,False,False,False
MI-MAINEXP-12289411,2,False,False,False,False
MI-MAINEXP-12289539,1,False,False,False,False
MI-MAINEXP-1231929,2,False,False,False,False
MI-MAINEXP-12326891,2,False,False,False,False
MI-MAINEXP-1234580,0,True,False,False,False
MI-MAINEXP-12348828,0,False,False,False,False
MI-MAINEXP-12402023,2,False,False,False,False
MI-MAINEXP-12406233,1,False,False,False,False
MI-MAINEXP-12594213,3,True,False,False,False
MI-MAINEXP-12648779,0,True,True,True,False
MI-MAINEXP-12711427,1,False,False,False,False
MI-MAINEXP-12729718,2,False,False,False,False
MI-MAINEXP-12778409,3,True,True,False,True
MI-MAINEXP-12795040,0,False,False,False,False
MI-MAINEXP-12818095,2,False,True,True,False
MI-MAINEXP-12832490,3,True,True,False,True
MI-MAINEXP-12862934,2,False,False,False,False
MI-MAINEXP-12870284,1,False,False,False,False
MI-MAINEXP-12938274,3,True,False,False,False
MI-MAINEXP-13074710,3,True,True,False,True
MI-MAINEXP-13082084,0,True,True,True,False
MI-MAINEXP-13112641,0,False,False,False,False
MI-MAINEXP-13151625,3,True,True,False,True
MI-MAINEXP-13182357,0,False,False,False,False
MI-MAINEXP-13195233,0,False,False,False,False
MI-MAINEXP-13196760,1,False,False,False,False
MI-MAINEXP-13232338,1,True,True,True,False
MI-MAINEXP-13286155,0,False,False,False,False
MI-MAINEXP-13302699,1,False,False,False,False
MI-MAINEXP-13307205,1,False,False,False,False
MI-MAINEXP-13324932,2,False,False,False,False
MI-MAINEXP-13343799,2,False,False,False,False
MI-MAINEXP-13417589,2,False,False,False,False
MI-MAINEXP-13424765,2,False,False,False,False
MI-MAINEXP-13426078,2,False,False,False,False
MI-MAINEXP-13577953,1,False,False,False,False
MI-MAINEXP-13615718,0,False,False,False,False
MI-MAINEXP-13616174,2,False,False,False,False
MI-MAINEXP-13656121,1,False,True,True,False
MI-MAINEXP-13666019,1,False,False,False,False
MI-MAINEXP-13759398,0,False,False,False,False
MI-MAINEXP-13765248,3,False,False,False,False
MI-MAINEXP-13816242,0,True,True,True,False
MI-MAINEXP-13911298,2,False,False,False,False
MI-MAINEXP-1394310,3,True,True,True,True
MI-MAINEXP-13954244,1,False,False,False,False
MI-MAINEXP-13994730,2,False,False,False,False
MI-MAINEXP-13995410,2,False,False,False,False
MI-MAINEXP-14028825,2,False,False,False,False
MI-MAINEXP-14056709,2,False,False,False,False
MI-MAINEXP-1406048,3,False,False,False,False
MI-MAINEXP-14088416,2,False,False,False,False
MI-MAINEXP-14152635,2,False,False,False,False
MI-MAINEXP-14159391,0,True,True,True,False
MI-MAINEXP-1424032,2,False,False,False,False
MI-MAINEXP-14260829,1,False,False,False,False
MI-MAINEXP-14317302,1,False,False,False,False
MI-MAINEXP-14335610,2,True,True,True,False
MI-MAINEXP-14341498,3,True,False,False,False
MI-MAINEXP-14362695,2,False,False,False,False
MI-MAINEXP-14467416,3,False,True,True,False
MI-MAINEXP-14488173,0,False,False,False,False
MI-MAINEXP-14531858,2,False,False,False,False
MI-MAINEXP-14637463,2,False,False,False,False
MI-MAINEXP-14643736,0,False,False,False,False
MI-MAINEXP-14697155,0,False,False,False,False
MI-MAINEXP-14713011,1,False,False,False,False
MI-MAINEXP-14750235,0,False,False,False,False
MI-MAINEXP-1480148,2,False,False,False,False
MI-MAINEXP-14915732,0,False,False,False,False
MI-MAINEXP-14955932,3,True,True,False,True
MI-MAINEXP-14961825,3,False,True,True,False
MI-MAINEXP-14970410,2,True,True,True,False
MI-MAINEXP-14985338,3,True,True,False,True
MI-MAINEXP-15014386,0,False,False,False,False
MI-MAINEXP-15060880,0,False,False,False,False
MI-MAINEXP-15061229,2,False,False,False,False
MI-MAINEXP-15216083,2,False,False,False,False
MI-MAINEXP-15222831,2,False,False,False,False
MI-MAINEXP-15232275,0,False,False,False,False
MI-MAINEXP-15242387,1,False,False,False,False
MI-MAINEXP-15258308,3,True,True,True,True
MI-MAINEXP-15302384,2,False,False,False,False
MI-MAINEXP-15311298,3,False,False,False,False
MI-MAINEXP-1531824,3,True,False,False,False
MI-MAINEXP-15329413,2,False,False,False,False
MI-MAINEXP-15378897,3,True,True,False,True
MI-MAINEXP-15540880,3,True,True,False,True
MI-MAINEXP-15587177,3,False,False,False,False
MI-MAINEXP-15629210,0,False,False,False,False
MI-MAINEXP-15631066,2,False,False,False,False
MI-MAINEXP-15723171,0,True,False,False,False
MI-MAINEXP-1576948,3,True,True,True,False
MI-MAINEXP-15775116,3,True,True,True,False
MI-MAINEXP-15775152,1,False,False,False,False
MI-MAINEXP-15777572,3,False,True,True,False
MI-MAINEXP-15816453,2,False,False,False,False
MI-MAINEXP-1590210,2,False,False,False,False
MI-MAINEXP-15934284,1,False,False,False,False
MI-MAINEXP-15947500,3,True,True,True,False
MI-MAINEXP-1601263,2,False,False,False,False
MI-MAINEXP-16021745,1,False,False,False,False
MI-MAINEXP-16052425,2,True,True,True,True
MI-MAINEXP-16058570,0,False,False,False,False
MI-MAINEXP-1611529,0,False,False,False,False
MI-MAINEXP-16137558,3,True,True,True,False
MI-MAINEXP-16192025,1,False,False,False,False
MI-MAINEXP-16201229,0,False,True,True,False
MI-MAINEXP-16234891,2,False,False,False,False
MI-MAINEXP-16236052,3,True,False,False,False
MI-MAINEXP-16236448,2,False,False,False,False
MI-MAINEXP-16250072,2,False,False,False,False
MI-MAINEXP-1625457,2,False,False,False,False
MI-MAINEXP-1627813,0,False,False,False,False
MI-MAINEXP-16362106,0,False,False,False,False
MI-MAINEXP-16386813,3,True,False,False,False
MI-MAINEXP-16402581,0,False,False,False,False
MI-MAINEXP-16488972,0,False,False,False,False
MI-MAINEXP-16558635,0,True,False,False,False
MI-MAINEXP-16590100,3,True,True,True,False
MI-MAINEXP-16646023,3,True,True,False,True
MI-MAINEXP-16678770,1,False,False,False,False
MI-MAINEXP-16753516,3,True,True,True,True
MI-MAINEXP-16793630,2,False,False,False,False
MI-MAINEXP-16804009,0,True,True,True,False
MI-MAINEXP-16806672,3,True,False,False,False
MI-MAINEXP-16913077,2,False,False,False,False
MI-MAINEXP-16921776,3,True,False,False,False
MI-MAINEXP-16925383,2,True,True,True,False
MI-MAINEXP-16950502,1,False,False,False,False
MI-MAINEXP-16956222,0,False,True,True,False
MI-MAINEXP-16973438,0,False,False,False,False
MI-MAINEXP-17016195,3,True,True,True,False
MI-MAINEXP-17018826,3,True,False,False,False
MI-MAINEXP-17080535,1,False,False,False,False
MI-MAINEXP-17082210,3,False,False,False,False
MI-MAINEXP-17084595,3,True,True,False,True
MI-MAINEXP-17088241,1,True,True,True,True
MI-MAINEXP-17102178,0,False,False,False,False
MI-MAINEXP-17125724,0,False,False,False,False
MI-MAINEXP-17155638,2,False,False,False,False
MI-MAINEXP-17189455,3,True,True,False,True
MI-MAINEXP-17285331,0,True,True,True,True
MI-MAINEXP-17312665,3,True,True,False,True
MI-MAINEXP-17383011,2,False,False,False,False
MI-MAINEXP-17423091,1,False,False,False,False
MI-MAINEXP-17477149,3,True,False,False,False
MI-MAINEXP-17483628,1,False,False,False,False
MI-MAINEXP-17552490,1,False,False,False,False
MI-MAINEXP-17574198,1,False,False,False,False
MI-MAINEXP-1758850,2,False,False,False,False
MI-MAINEXP-17600923,2,False,False,False,False
MI-MAINEXP-17624341,1,False,False,False,False
MI-MAINEXP-17718275,2,False,False,False,False
MI-MAINEXP-17718432,2,False,False,False,False
MI-MAINEXP-17784326,0,True,True,True,True
MI-MAINEXP-17795866,0,True,True,True,True
MI-MAINEXP-17808329,0,False,False,False,False
MI-MAINEXP-17850780,0,False,False,False,False
MI-MAINEXP-17863867,3,True,False,False,False
MI-MAINEXP-17918700,3,True,True,True,False
MI-MAINEXP-17957435,2,False,False,False,False
MI-MAINEXP-17969204,2,False,False,False,False
MI-MAINEXP-1802539,3,True,False,False,False
MI-MAINEXP-18037615,2,False,False,False,False
MI-MAINEXP-18076045,3,True,True,False,True
MI-MAINEXP-18086633,0,False,False,False,False
MI-MAINEXP-18103171,0,False,False,False,False
MI-MAINEXP-18146057,1,True,True,True,False
MI-MAINEXP-18179143,3,True,True,False,True
MI-MAINEXP-18262974,1,False,False,False,False
MI-MAINEXP-1827030,3,False,False,False,False
MI-MAINEXP-18296398,2,False,False,False,False
MI-MAINEXP-18298374,2,False,False,False,False
MI-MAINEXP-18315693,1,False,False,False,False
MI-MAINEXP-1837041,2,False,False,False,False
MI-MAINEXP-18420716,0,False,False,False,False
MI-MAINEXP-18475067,3,True,False,False,False
MI-MAINEXP-18501520,0,False,False,False,False
MI-MAINEXP-18556794,2,False,False,False,False
MI-MAINEXP-18584480,2,False,False,False,False
MI-MAINEXP-18588814,3,True,True,True,False
MI-MAINEXP-18612871,3,True,False,False,False
MI-MAINEXP-18651835,1,False,False,False,False
MI-MAINEXP-18654168,0,False,False,False,False
MI-MAINEXP-18711634,2,False,False,False,False
MI-MAINEXP-1873046,0,False,False,False,False
MI-MAINEXP-18737257,0,False,False,False,False
MI-MAINEXP-18739947,2,False,False,False,False
MI-MAINEXP-18748870,2,False,False,False,False
MI-MAINEXP-18754108,2,False,True,True,False
MI-MAINEXP-18844011,0,False,False,False,False
MI-MAINEXP-18867355,1,False,False,False,False
MI-MAINEXP-18867880,1,False,False,False,False
MI-MAINEXP-18888007,1,False,False,False,False
MI-MAINEXP-18890216,0,False,False,False,False
MI-MAINEXP-19014682,2,False,False,False,False
MI-MAINEXP-19028060,0,False,False,False,False
MI-MAINEXP-19029592,3,True,False,False,False
MI-MAINEXP-19058579,3,False,False,False,False
MI-MAINEXP-19083364,0,True,True,True,False
MI-MAINEXP-19111570,3,False,False,False,False
MI-MAINEXP-19184528,2,False,False,False,False
MI-MAINEXP-19202461,3,False,False,False,False
MI-MAINEXP-19267826,1,False,False,False,False
MI-MAINEXP-1932396,2,False,False,False,False
MI-MAINEXP-19326009,1,False,False,False,False
MI-MAINEXP-19337813,3,False,False,False,False
MI-MAINEXP-1936312,0,True,False,False,False
MI-MAINEXP-19375711,1,False,False,False,False
MI-MAINEXP-19399108,1,False,False,False,False
MI-MAINEXP-19473906,3,True,False,False,False
MI-MAINEXP-19553160,2,False,False,False,False
MI-MAINEXP-19759079,3,True,True,False,True
MI-MAINEXP-19782205,2,False,False,False,False
MI-MAINEXP-19800182,0,True,False,False,False
MI-MAINEXP-19828723,2,False,False,False,False
MI-MAINEXP-19840889,1,False,False,False,False
MI-MAINEXP-19848590,2,False,False,False,False
MI-MAINEXP-1985326,2,False,False,False,False
MI-MAINEXP-19966578,2,False,True,True,False
MI-MAINEXP-19967229,3,True,True,False,True
MI-MAINEXP-20011079,3,True,True,False,True
MI-MAINEXP-20020906,1,False,False,False,False
MI-MAINEXP-20036784,0,False,False,False,False
MI-MAINEXP-20065989,0,False,False,False,False
MI-MAINEXP-20109540,0,False,False,False,False
MI-MAINEXP-20136979,3,True,False,False,False
MI-MAINEXP-20146123,0,False,False,False,False
MI-MAINEXP-20148682,3,True,True,False,True
MI-MAINEXP-20162785,3,False,False,False,False
MI-MAINEXP-20179369,0,False,True,True,False
MI-MAINEXP-20270522,2,False,False,False,False
MI-MAINEXP-20273028,2,False,False,False,False
MI-MAINEXP-20281538,0,False,False,False,False
MI-MAINEXP-20287832,2,False,False,False,False
MI-MAINEXP-20290386,2,False,False,False,False
MI-MAINEXP-20323770,0,False,False,False,False
MI-MAINEXP-20391964,2,False,False,False,False
MI-MAINEXP-20397977,2,False,False,False,False
MI-MAINEXP-20408338,0,False,False,False,False
MI-MAINEXP-2041438,1,False,False,False,False
MI-MAINEXP-20451569,3,True,True,False,True
MI-MAINEXP-20491381,2,False,False,False,False
MI-MAINEXP-20498742,2,False,False,False,False
MI-MAINEXP-20567796,2,False,True,True,False
MI-MAINEXP-20583114,1,False,False,False,False
MI-MAINEXP-20641483,0,True,True,True,False
MI-MAINEXP-20685022,3,False,False,False,False
MI-MAINEXP-20747992,1,False,False,False,False
MI-MAINEXP-20761597,3,False,False,False,False
MI-MAINEXP-20775581,1,False,False,False,False
MI-MAINEXP-20796330,1,False,False,False,False
MI-MAINEXP-20830304,0,False,False,False,False
MI-MAINEXP-20861590,0,False,False,False,False
MI-MAINEXP-20922275,0,False,False,False,False
MI-MAINEXP-20937948,3,True,False,False,False
MI-MAINEXP-20939203,2,False,False,False,False
MI-MAINEXP-2094609,3,False,False,False,False
MI-MAINEXP-20959199,0,False,False,False,False
MI-MAINEXP-20998473,3,True,False,False,False
MI-MAINEXP-21001762,2,True,True,True,False
MI-MAINEXP-21015587,0,False,False,False,False
MI-MAINEXP-2102010,0,False,False,False,False
MI-MAINEXP-21066821,3,True,True,False,True
MI-MAINEXP-21097321,3,False,False,False,False
MI-MAINEXP-21146911,0,False,False,False,False
MI-MAINEXP-21178860,0,False,False,False,False
MI-MAINEXP-21184960,2,False,False,False,False
MI-MAINEXP-21186349,0,False,False,False,False
MI-MAINEXP-21202731,3,True,True,False,True
MI-MAINEXP-21271494,0,False,False,False,False
MI-MAINEXP-21366413,0,False,False,False,False
MI-MAINEXP-21444153,2,False,False,False,False
MI-MAINEXP-21448048,0,False,False,False,False
MI-MAINEXP-21499496,0,False,False,False,False
MI-MAINEXP-21513193,1,False,False,False,False
MI-MAINEXP-21523886,3,True,False,False,False
MI-MAINEXP-21548184,0,False,False,False,False
MI-MAINEXP-21561078,2,False,False,False,False
MI-MAINEXP-2160156,3,True,True,False,True
MI-MAINEXP-21611899,3,True,False,False,False
MI-MAINEXP-21629832,3,False,False,False,False
MI-MAINEXP-21639632,2,False,False,False,False
MI-MAINEXP-21659888,1,False,False,False,False
MI-MAINEXP-21664272,1,False,False,False,False
MI-MAINEXP-21679967,3,True,False,False,False
MI-MAINEXP-21697615,3,False,False,False,False
MI-MAINEXP-21714839,1,False,False,False,False
MI-MAINEXP-21788296,3,False,False,False,False
MI-MAINEXP-21833377,3,True,True,False,True
MI-MAINEXP-21860228,0,True,True,True,False
MI-MAINEXP-21861581,2,False,False,False,False
MI-MAINEXP-21872563,2,False,False,False,False
MI-MAINEXP-21958466,2,False,False,False,False
MI-MAINEXP-21966530,2,True,True,True,False
MI-MAINEXP-21979264,0,False,False,False,False
MI-MAINEXP-21982165,1,False,False,False,False
MI-MAINEXP-21991802,3,True,True,True,True
MI-MAINEXP-21994046,3,False,False,False,False
MI-MAINEXP-22063576,2,False,False,False,False
MI-MAINEXP-22094085,0,False,False,False,False
MI-MAINEXP-22122473,0,False,False,False,False
MI-MAINEXP-22176206,2,False,False,False,False
MI-MAINEXP-22257117,1,False,False,False,False
MI-MAINEXP-22297862,1,False,False,False,False
MI-MAINEXP-22339485,2,False,False,False,False
MI-MAINEXP-22348178,0,False,False,False,False
MI-MAINEXP-22350764,3,True,True,True,True
MI-MAINEXP-22409510,1,False,False,False,False
MI-MAINEXP-22487342,3,True,True,False,True
MI-MAINEXP-22544335,2,False,False,False,False
MI-MAINEXP-22546092,2,True,True,True,False
MI-MAINEXP-22552857,2,False,False,False,False
MI-MAINEXP-22559150,1,False,False,False,False
MI-MAINEXP-22563496,0,False,False,False,False
MI-MAINEXP-22578933,2,False,False,False,False
MI-MAINEXP-22579011,1,False,False,False,False
MI-MAINEXP-22610803,1,False,False,False,False
MI-MAINEXP-22631799,0,False,False,False,False
MI-MAINEXP-22699407,2,False,False,False,False
MI-MAINEXP-22802141,0,False,False,False,False
MI-MAINEXP-22820592,1,False,False,False,False
MI-MAINEXP-22880573,3,True,True,False,True
MI-MAINEXP-22908938,2,False,False,False,False
MI-MAINEXP-22910626,2,False,False,False,False
MI-MAINEXP-22920641,0,False,False,False,False
MI-MAINEXP-22995312,2,False,False,False,False
MI-MAINEXP-23009184,0,False,False,False,False
MI-MAINEXP-23150615,1,False,False,False,False
MI-MAINEXP-23189458,0,False,False,False,False
MI-MAINEXP-23220325,0,False,False,False,False
MI-MAINEXP-23223540,3,False,False,False,False
MI-MAINEXP-23253060,0,True,False,False,False
MI-MAINEXP-23299390,2,False,False,False,False
MI-MAINEXP-23354446,1,False,False,False,False
MI-MAINEXP-2338145,1,False,False,False,False
MI-MAINEXP-23398424,1,True,True,True,False
MI-MAINEXP-23400567,1,False,False,False,False
MI-MAINEXP-23443349,1,False,False,False,False
MI-MAINEXP-23507216,0,False,False,False,False
MI-MAINEXP-23561314,1,False,False,False,False
MI-MAINEXP-23738046,3,True,False,False,False
MI-MAINEXP-23772438,2,True,True,True,False
MI-MAINEXP-23837942,0,False,False,False,False
MI-MAINEXP-23845880,2,False,False,False,False
MI-MAINEXP-23867184,3,True,False,False,False
MI-MAINEXP-23984649,1,False,False,False,False
MI-MAINEXP-23990885,0,False,False,False,False
MI-MAINEXP-23999056,0,True,True,True,False
MI-MAINEXP-24073592,0,True,True,True,False
MI-MAINEXP-24161231,1,False,False,False,False
MI-MAINEXP-24164851,3,False,False,False,False
MI-MAINEXP-24176039,2,False,False,False,False
MI-MAINEXP-24226645,2,False,False,False,False
MI-MAINEXP-24301045,1,False,False,False,False
MI-MAINEXP-24329295,1,True,True,True,False
MI-MAINEXP-24353361,2,False,False,False,False
MI-MAINEXP-24379897,0,False,False,False,False
MI-MAINEXP-24389010,1,False,False,False,False
MI-MAINEXP-24394933,3,True,True,False,True
MI-MAINEXP-24461108,3,False,False,False,False
MI-MAINEXP-2446850,3,True,False,False,False
MI-MAINEXP-24477696,3,False,False,False,False
MI-MAINEXP-24501181,3,False,True,True,False
MI-MAINEXP-24555218,3,True,False,False,False
MI-MAINEXP-24557944,1,False,False,False,False
MI-MAINEXP-24591001,2,False,True,True,False
MI-MAINEXP-24621209,2,False,False,False,False
MI-MAINEXP-24625845,3,False,False,False,False
MI-MAINEXP-24649973,0,False,False,False,False
MI-MAINEXP-24745509,0,False,False,False,False
MI-MAINEXP-24751296,0,False,False,False,False
MI-MAINEXP-24751622,0,False,False,False,False
MI-MAINEXP-24781097,0,False,False,False,False
MI-MAINEXP-24786300,0,False,False,False,False
MI-MAINEXP-2480213,1,False,False,False,False
MI-MAINEXP-24830241,2,False,False,False,False
MI-MAINEXP-24895320,2,False,False,False,False
MI-MAINEXP-24976894,1,False,False,False,False
MI-MAINEXP-24990583,3,False,False,False,False
MI-MAINEXP-2501791,0,True,True,True,False
MI-MAINEXP-25021525,1,False,False,False,False
MI-MAINEXP-25024449,1,False,False,False,False
MI-MAINEXP-25117011,3,True,True,False,True
MI-MAINEXP-25274183,2,False,False,False,False
MI-MAINEXP-25300174,3,True,True,False,True
MI-MAINEXP-25357562,0,True,True,True,False
MI-MAINEXP-25360886,2,False,False,False,False
MI-MAINEXP-25404911,1,True,True,True,False
MI-MAINEXP-2542158,0,False,False,False,False
MI-MAINEXP-25536630,0,True,True,False,True
MI-MAINEXP-2555784,2,False,False,False,False
MI-MAINEXP-25604099,1,False,False,False,False
MI-MAINEXP-25663239,1,False,False,False,False
MI-MAINEXP-25713460,1,False,False,False,False
MI-MAINEXP-25738540,2,False,True,True,False
MI-MAINEXP-25740066,0,False,False,False,False
MI-MAINEXP-25754865,2,False,True,True,False
MI-MAINEXP-25755432,3,False,False,False,False
MI-MAINEXP-25773518,0,False,False,False,False
MI-MAINEXP-25828521,1,False,False,False,False
MI-MAINEXP-25838992,0,False,False,False,False
MI-MAINEXP-25850983,0,False,False,False,False
MI-MAINEXP-25870007,2,False,False,False,False
MI-MAINEXP-25910945,2,False,False,False,False
MI-MAINEXP-26016594,2,False,False,False,False
MI-MAINEXP-26031344,0,False,False,False,False
MI-MAINEXP-26032482,2,False,False,False,False
MI-MAINEXP-26079391,0,True,True,True,False
MI-MAINEXP-26079610,2,False,False,False,False
MI-MAINEXP-26084987,2,True,True,True,False
MI-MAINEXP-26130618,1,False,False,False,False
MI-MAINEXP-26135189,2,False,False,False,False
MI-MAINEXP-26160738,2,False,False,False,False
MI-MAINEXP-26249443,3,False,False,False,False
MI-MAINEXP-2628620,0,False,False,False,False
MI-MAINEXP-26293200,2,False,False,False,False
MI-MAINEXP-26339108,2,False,False,False,False
MI-MAINEXP-26364441,2,False,False,False,False
MI-MAINEXP-26365240,3,True,True,True,True
MI-MAINEXP-26407166,0,True,False,False,False
MI-MAINEXP-26437058,2,False,False,False,False
MI-MAINEXP-26441619,3,False,False,False,False
MI-MAINEXP-26502628,2,True,True,True,False
MI-MAINEXP-26549330,2,False,False,False,False
MI-MAINEXP-26580100,2,False,False,False,False
MI-MAINEXP-26716432,2,False,False,False,False
MI-MAINEXP-26743031,3,True,False,False,False
MI-MAINEXP-26751803,1,False,False,False,False
MI-MAINEXP-26784986,1,False,False,False,False
MI-MAINEXP-26928315,3,True,False,False,False
MI-MAINEXP-26939983,1,False,False,False,False
MI-MAINEXP-27000384,1,False,False,False,False
MI-MAINEXP-27021599,1,False,False,False,False
MI-MAINEXP-27137171,3,False,False,False,False
MI-MAINEXP-27219187,3,True,True,False,True
MI-MAINEXP-27247292,1,False,False,False,False
MI-MAINEXP-27248664,3,True,True,False,True
MI-MAINEXP-27306634,1,True,True,True,False
MI-MAINEXP-27309411,0,False,False,False,False
MI-MAINEXP-27324787,0,True,True,True,False
MI-MAINEXP-27416356,3,False,False,False,False
MI-MAINEXP-27436427,2,False,True,True,False
MI-MAINEXP-27450514,1,True,True,True,True
MI-MAINEXP-27590220,0,False,False,False,False
MI-MAINEXP-27633603,1,False,False,False,False
MI-MAINEXP-27637568,3,True,False,False,False
MI-MAINEXP-2764093,2,False,False,False,False
MI-MAINEXP-27667710,0,False,False,False,False
MI-MAINEXP-27722966,0,False,False,False,False
MI-MAINEXP-27733835,2,True,True,True,False
MI-MAINEXP-27774790,2,False,False,False,False
MI-MAINEXP-27893998,0,False,False,False,False
MI-MAINEXP-27904502,2,False,False,False,False
MI-MAINEXP-27905527,1,False,False,False,False
MI-MAINEXP-27910276,2,False,False,False,False
MI-MAINEXP-27917972,0,False,False,False,False
MI-MAINEXP-27956634,0,False,False,False,False
MI-MAINEXP-27991973,2,False,False,False,False
MI-MAINEXP-28101048,2,False,False,False,False
MI-MAINEXP-28110811,0,False,False,False,False
MI-MAINEXP-28130686,3,False,False,False,False
MI-MAINEXP-2813523,2,True,True,True,False
MI-MAINEXP-28202873,2,False,False,False,False
MI-MAINEXP-2820614,1,False,False,False,False
MI-MAINEXP-28282260,0,False,False,False,False
MI-MAINEXP-28285692,2,True,True,True,True
MI-MAINEXP-28367157,3,True,True,True,False
MI-MAINEXP-2837871,1,False,False,False,False
MI-MAINEXP-28386505,1,False,False,False,False
MI-MAINEXP-28432436,0,False,False,False,False
MI-MAINEXP-28460599,1,False,False,False,False
MI-MAINEXP-28469985,0,False,False,False,False
MI-MAINEXP-28532680,2,False,False,False,False
MI-MAINEXP-28551882,0,True,True,True,False
MI-MAINEXP-28598923,2,False,False,False,False
MI-MAINEXP-28617349,3,True,True,True,False
MI-MAINEXP-28632300,0,False,False,False,False
MI-MAINEXP-28653663,3,True,False,False,False
MI-MAINEXP-2865529,0,False,False,False,False
MI-MAINEXP-28702005,1,False,False,False,False
MI-MAINEXP-28787805,3,True,True,False,True
MI-MAINEXP-28799272,1,False,False,False,False
MI-MAINEXP-2880314,0,True,True,True,False
MI-MAINEXP-28874009,1,False,False,False,False
MI-MAINEXP-28874857,0,False,False,False,False
MI-MAINEXP-28896168,2,False,False,False,False
MI-MAINEXP-28941069,2,False,False,False,False
MI-MAINEXP-28968920,0,False,False,False,False
MI-MAINEXP-28972082,2,True,True,True,False
MI-MAINEXP-28995280,0,False,False,False,False
MI-MAINEXP-29057789,2,False,False,False,False
MI-MAINEXP-29075491,3,True,False,False,False
MI-MAINEXP-29100432,2,False,False,False,False
MI-MAINEXP-29111480,0,False,False,False,False
MI-MAINEXP-29115958,3,True,True,False,True
MI-MAINEXP-2914772,2,False,False,False,False
MI-MAINEXP-29149131,2,True,True,True,False
MI-MAINEXP-29251294,3,True,False,False,False
MI-MAINEXP-29291152,3,True,True,False,True
MI-MAINEXP-29306942,0,False,False,False,False
MI-MAINEXP-29311031,1,False,False,False,False
MI-MAINEXP-29339362,0,True,True,True,False
MI-MAINEXP-29340235,3,True,False,False,False
MI-MAINEXP-29346706,0,False,False,False,False
MI-MAINEXP-29347386,1,False,False,False,False
MI-MAINEXP-29410048,1,False,False,False,False
MI-MAINEXP-29459756,0,False,True,True,False
MI-MAINEXP-29477268,1,False,False,False,False
MI-MAINEXP-29497853,3,True,False,False,False
MI-MAINEXP-29535207,3,True,True,True,True
MI-MAINEXP-29553857,1,False,False,False,False
MI-MAINEXP-29566157,1,False,False,False,False
MI-MAINEXP-29589091,1,False,False,False,False
MI-MAINEXP-29657334,0,False,False,False,False
MI-MAINEXP-29664586,0,False,False,False,False
MI-MAINEXP-29723499,3,True,True,False,True
MI-MAINEXP-29817725,3,True,True,False,True
MI-MAINEXP-29940517,3,True,False,False,False
MI-MAINEXP-29943691,2,False,False,False,False
MI-MAINEXP-29950532,0,False,False,False,False
MI-MAINEXP-29953832,2,False,False,False,False
MI-MAINEXP-29975011,2,False,False,False,False
MI-MAINEXP-30026694,1,False,False,False,False
MI-MAINEXP-30123449,3,True,False,False,False
MI-MAINEXP-30135956,0,False,False,False,False
MI-MAINEXP-3014004,3,True,True,False,True
MI-MAINEXP-30226184,2,False,False,False,False
MI-MAINEXP-30251996,2,False,False,False,False
MI-MAINEXP-30259482,1,False,True,True,False
MI-MAINEXP-30317482,0,False,False,False,False
MI-MAINEXP-30343039,3,True,False,False,False
MI-MAINEXP-30367354,2,False,False,False,False
MI-MAINEXP-30447963,0,False,False,False,False
MI-MAINEXP-30459785,2,True,True,True,True
MI-MAINEXP-30481298,0,False,False,False,False
MI-MAINEXP-30488132,0,False,False,False,False
MI-MAINEXP-30505406,1,False,False,False,False
MI-MAINEXP-30532153,1,False,False,False,False
MI-MAINEXP-30555742,3,True,False,False,False
MI-MAINEXP-30618390,1,False,False,False,False
MI-MAINEXP-30620916,1,False,False,False,False
MI-MAINEXP-30739346,1,False,False,False,False
MI-MAINEXP-30742868,1,False,False,False,False
MI-MAINEXP-30797946,2,False,False,False,False
MI-MAINEXP-30812278,0,False,False,False,False
MI-MAINEXP-30838572,3,False,False,False,False
MI-MAINEXP-30855063,0,False,False,False,False
MI-MAINEXP-30865944,0,False,False,False,False
MI-MAINEXP-30872038,1,True,True,True,False
MI-MAINEXP-30880455,0,False,False,False,False
MI-MAINEXP-30949973,3,True,False,False,False
MI-MAINEXP-30987216,3,True,True,True,True
MI-MAINEXP-31029850,3,False,False,False,False
MI-MAINEXP-31036647,3,True,False,False,False
MI-MAINEXP-31036736,0,False,False,False,False
MI-MAINEXP-31055727,0,False,False,False,False
MI-MAINEXP-31066754,3,True,True,True,True
MI-MAINEXP-31127526,3,True,True,False,True
MI-MAINEXP-3112946,1,False,False,False,False
MI-MAINEXP-31218985,0,False,False,False,False
MI-MAINEXP-31221484,1,False,False,False,False
MI-MAINEXP-31229595,3,True,False,False,False
MI-MAINEXP-31231668,3,True,False,False,False
MI-MAINEXP-31281772,0,True,True,False,True
MI-MAINEXP-31286784,1,False,False,False,False
MI-MAINEXP-31293213,0,False,False,False,False
MI-MAINEXP-31331063,3,True,True,False,True
MI-MAINEXP-31344177,2,False,False,False,False
MI-MAINEXP-31354493,1,False,False,False,False
MI-MAINEXP-31367321,1,False,False,False,False
MI-MAINEXP-31418561,0,False,False,False,False
MI-MAINEXP-31420170,3,True,False,False,False
MI-MAINEXP-31427062,1,False,False,False,False
MI-MAINEXP-31444737,0,False,False,False,False
MI-MAINEXP-31505282,3,False,False,False,False
MI-MAINEXP-31547379,3,True,False,False,False
MI-MAINEXP-31552923,0,False,False,False,False
MI-MAINEXP-31563533,3,True,False,False,False
MI-MAINEXP-31571935,1,False,False,False,False
MI-MAINEXP-31648577,1,False,True,True,False
MI-MAINEXP-31651258,0,False,False,False,False
MI-MAINEXP-31677543,0,False,True,True,False
MI-MAINEXP-31711807,0,False,False,False,False
MI-MAINEXP-3171438,1,False,False,False,False
MI-MAINEXP-31809722,0,False,False,False,False
MI-MAINEXP-31812567,1,False,False,False,False
MI-MAINEXP-31883067,2,False,False,False,False
MI-MAINEXP-31884719,2,False,False,False,False
MI-MAINEXP-31991500,3,True,True,False,True
MI-MAINEXP-32009894,2,False,False,False,False
MI-MAINEXP-32015629,3,True,False,False,False
MI-MAINEXP-32025646,2,False,False,False,False
MI-MAINEXP-32085500,1,False,False,False,False
MI-MAINEXP-32107453,2,False,False,False,False
MI-MAINEXP-3211511,0,False,False,False,False
MI-MAINEXP-32221700,3,False,False,False,False
MI-MAINEXP-32277027,3,True,False,False,False
MI-MAINEXP-32325591,1,False,False,False,False
MI-MAINEXP-32353939,3,False,False,False,False
MI-MAINEXP-32402932,2,False,False,False,False
MI-MAINEXP-32420390,3,True,False,False,False
MI-MAINEXP-32447130,3,True,True,False,True
MI-MAINEXP-32448181,3,True,True,True,True
MI-MAINEXP-32469320,3,True,True,False,True
MI-MAINEXP-32481655,0,True,False,False,False
MI-MAINEXP-32489284,2,False,False,False,False
MI-MAINEXP-3259792,1,False,False,False,False
MI-MAINEXP-32685069,3,True,False,False,False
MI-MAINEXP-32698687,2,False,False,False,False
MI-MAINEXP-3271748,0,True,True,False,True
MI-MAINEXP-3273034,3,True,False,False,False
MI-MAINEXP-32811896,1,False,False,False,False
MI-MAINEXP-32813718,0,False,False,False,False
MI-MAINEXP-32876311,0,True,True,False,True
MI-MAINEXP-32924747,0,False,False,False,False
MI-MAINEXP-32937484,2,False,False,False,False
MI-MAINEXP-32962630,3,True,True,False,True
MI-MAINEXP-32997466,0,False,False,False,False
MI-MAINEXP-33009038,2,False,False,False,False
MI-MAINEXP-33019672,1,False,False,False,False
MI-MAINEXP-33035761,2,True,True,True,True
MI-MAINEXP-33040054,1,False,False,False,False
MI-MAINEXP-3307479,1,False,False,False,False
MI-MAINEXP-33088970,1,False,False,False,False
MI-MAINEXP-33135219,0,False,False,False,False
MI-MAINEXP-33143683,2,False,False,False,False
MI-MAINEXP-33163530,2,False,False,False,False
MI-MAINEXP-33206796,3,True,False,False,False
MI-MAINEXP-3321057,3,True,False,False,False
MI-MAINEXP-33239660,2,False,False,False,False
MI-MAINEXP-33246912,3,True,False,False,False
MI-MAINEXP-33258416,0,False,False,False,False
MI-MAINEXP-33260864,0,False,False,False,False
MI-MAINEXP-33322111,0,True,True,True,False
MI-MAINEXP-33325334,2,False,False,False,False
MI-MAINEXP-33329693,0,False,True,True,False
MI-MAINEXP-33335955,1,False,False,False,False
MI-MAINEXP-33349448,1,False,False,False,False
MI-MAINEXP-33397043,3,True,True,True,False
MI-MAINEXP-33456350,3,True,True,False,True
MI-MAINEXP-33475218,0,False,False,False,False
MI-MAINEXP-33482225,3,True,True,True,False
MI-MAINEXP-33576930,3,True,True,True,True
MI-MAINEXP-33586904,0,False,False,False,False
MI-MAINEXP-33668335,3,True,True,False,True
MI-MAINEXP-33682304,0,False,False,False,False
MI-MAINEXP-33745779,1,False,False,False,False
MI-MAINEXP-33786585,1,False,True,True,False
MI-MAINEXP-33806960,2,False,False,False,False
MI-MAINEXP-33875628,2,False,False,False,False
MI-MAINEXP-33908285,0,False,False,False,False
MI-MAINEXP-33909864,0,False,False,False,False
MI-MAINEXP-3394922,2,True,True,True,False
MI-MAINEXP-33966560,0,False,False,False,False
MI-MAINEXP-33995966,0,False,False,False,False
MI-MAINEXP-34005037,0,True,True,True,False
MI-MAINEXP-34116899,1,False,False,False,False
MI-MAINEXP-3414846,3,True,False,False,False
MI-MAINEXP-34182661,1,False,False,False,False
MI-MAINEXP-34183778,3,False,True,True,False
MI-MAINEXP-34194249,0,True,True,False,True
MI-MAINEXP-3419491,0,False,False,False,False
MI-MAINEXP-34259659,2,False,False,False,False
MI-MAINEXP-34278797,2,False,False,False,False
MI-MAINEXP-34300295,2,False,False,False,False
MI-MAINEXP-34355177,0,True,True,True,False
MI-MAINEXP-34361474,0,False,False,False,False
MI-MAINEXP-34385015,3,True,True,False,True
MI-MAINEXP-34433641,2,False,False,False,False
MI-MAINEXP-34458118,0,False,False,False,False
MI-MAINEXP-3448095,3,True,False,False,False
MI-MAINEXP-34483131,3,True,True,True,True
MI-MAINEXP-34564594,3,True,True,True,False
MI-MAINEXP-34588405,0,True,False,False,False
MI-MAINEXP-3460019,0,False,False,False,False
MI-MAINEXP-34602935,0,False,False,False,False
MI-MAINEXP-34603443,2,False,False,False,False
MI-MAINEXP-34604423,2,False,False,False,False
MI-MAINEXP-34631927,1,False,False,False,False
MI-MAINEXP-34648713,1,False,False,False,False
MI-MAINEXP-34657695,0,False,False,False,False
MI-MAINEXP-34671863,1,False,False,False,False
MI-MAINEXP-34731123,2,False,False,False,False
MI-MAINEXP-34751776,1,False,True,True,False
MI-MAINEXP-34796460,0,False,False,False,False
MI-MAINEXP-34810928,1,False,False,False,False
MI-MAINEXP-34818306,3,False,False,False,False
MI-MAINEXP-34822315,3,True,True,False,True
MI-MAINEXP-3487380,3,True,False,False,False
MI-MAINEXP-3487483,1,False,False,False,False
MI-MAINEXP-35045180,2,False,False,False,False
MI-MAINEXP-35056740,1,False,False,False,False
MI-MAINEXP-35089872,2,False,False,False,False
MI-MAINEXP-35093359,1,False,False,False,False
MI-MAINEXP-35096983,2,False,False,False,False
MI-MAINEXP-35108144,1,False,False,False,False
MI-MAINEXP-3518165,3,False,False,False,False
MI-MAINEXP-35240470,3,False,False,False,False
MI-MAINEXP-35241220,2,False,False,False,False
MI-MAINEXP-35251836,1,False,False,False,False
MI-MAINEXP-35261977,2,False,False,False,False
MI-MAINEXP-35263931,3,True,True,False,True
MI-MAINEXP-35286029,0,True,False,False,False
MI-MAINEXP-3530150,0,True,True,True,False
MI-MAINEXP-35303903,1,False,False,False,False
MI-MAINEXP-35321604,1,True,True,True,False
MI-MAINEXP-35341521,1,False,False,False,False
MI-MAINEXP-35437575,0,False,False,False,False
MI-MAINEXP-35475198,2,False,False,False,False
MI-MAINEXP-35510486,1,False,False,False,False
MI-MAINEXP-35590821,2,False,False,False,False
MI-MAINEXP-35591321,1,False,False,False,False
MI-MAINEXP-35645924,1,False,False,False,False
MI-MAINEXP-35698413,1,False,False,False,False
MI-MAINEXP-35698940,3,True,True,False,True
MI-MAINEXP-35826981,1,False,True,True,False
MI-MAINEXP-35829300,1,False,False,False,False
MI-MAINEXP-35839758,1,False,False,False,False
MI-MAINEXP-35888340,0,False,False,False,False
MI-MAINEXP-3591504,3,False,False,False,False
MI-MAINEXP-35932913,2,False,False,False,False
MI-MAINEXP-35948474,3,True,True,False,True
MI-MAINEXP-35961689,0,True,True,False,True
MI-MAINEXP-35966952,3,True,False,False,False
MI-MAINEXP-35981972,2,False,False,False,False
MI-MAINEXP-36073650,2,False,False,False,False
MI-MAINEXP-36087360,2,False,False,False,False
MI-MAINEXP-36126229,0,False,False,False,False
MI-MAINEXP-36130172,1,False,False,False,False
MI-MAINEXP-36139806,1,False,False,False,False
MI-MAINEXP-36213007,1,False,False,False,False
MI-MAINEXP-36225075,0,False,True,True,False
MI-MAINEXP-36230602,2,True,True,True,False
MI-MAINEXP-36410889,3,True,True,False,True
MI-MAINEXP-36423210,2,False,False,False,False
MI-MAINEXP-3648651,2,False,False,False,False
MI-MAINEXP-36528417,3,True,True,True,False
MI-MAINEXP-36531561,0,False,False,False,False
MI-MAINEXP-36534848,3,True,True,False,True
MI-MAINEXP-36546230,3,False,False,False,False
MI-MAINEXP-36547280,0,False,False,False,False
MI-MAINEXP-36554180,2,False,False,False,False
MI-MAINEXP-36567212,3,True,False,False,False
MI-MAINEXP-36569510,1,False,False,False,False
MI-MAINEXP-36601694,3,True,False,False,False
MI-MAINEXP-36612260,2,False,False,False,False
MI-MAINEXP-36632928,3,True,True,False,True
MI-MAINEXP-36648538,1,False,False,False,False
MI-MAINEXP-36656880,1,False,False,False,False
MI-MAINEXP-36695754,3,True,True,False,True
MI-MAINEXP-36720522,2,False,False,False,False
MI-MAINEXP-36768755,0,False,False,False,False
MI-MAINEXP-36837603,2,False,True,True,False
MI-MAINEXP-36854376,2,False,False,False,False
MI-MAINEXP-36916707,3,False,False,False,False
MI-MAINEXP-36983888,3,False,False,False,False
MI-MAINEXP-36990814,3,False,False,False,False
MI-MAINEXP-37022175,0,False,False,False,False
MI-MAINEXP-37027300,0,True,True,True,False
MI-MAINEXP-37044050,2,False,False,False,False
MI-MAINEXP-37115501,2,False,False,False,False
MI-MAINEXP-37126671,3,False,False,False,False
MI-MAINEXP-37194916,0,True,False,False,False
MI-MAINEXP-37265217,2,False,False,False,False
MI-MAINEXP-37265866,1,False,False,False,False
MI-MAINEXP-37362963,3,True,True,False,True
MI-MAINEXP-37371113,0,False,False,False,False
MI-MAINEXP-37397584,1,False,False,False,False
MI-MAINEXP-37405723,0,False,True,True,False
MI-MAINEXP-37449196,0,False,False,False,False
MI-MAINEXP-37488683,3,True,True,True,False
MI-MAINEXP-37513803,1,False,False,False,False
MI-MAINEXP-37532851,0,False,False,False,False
MI-MAINEXP-37572076,2,False,False,False,False
MI-MAINEXP-37591486,0,False,False,False,False
MI-MAINEXP-37603741,2,False,False,False,False
MI-MAINEXP-37616505,0,True,True,True,False
MI-MAINEXP-3762036,0,False,False,False,False
MI-MAINEXP-3762277,1,False,False,False,False
MI-MAINEXP-37672026,0,False,False,False,False
MI-MAINEXP-37672857,3,True,True,False,True
MI-MAINEXP-37736991,1,False,False,False,False
MI-MAINEXP-37768950,2,False,False,False,False
MI-MAINEXP-37794623,0,False,True,True,False
MI-MAINEXP-37799785,2,False,False,False,False
MI-MAINEXP-37808095,0,False,False,False,False
MI-MAINEXP-37819018,3,True,True,False,True
MI-MAINEXP-37819132,1,False,False,False,False
MI-MAINEXP-37829261,1,True,True,True,False
MI-MAINEXP-37833465,1,False,False,False,False
MI-MAINEXP-37838903,2,False,False,False,False
MI-MAINEXP-37860642,0,True,True,True,False
MI-MAINEXP-37882335,2,False,False,False,False
MI-MAINEXP-37885092,2,False,False,False,False
MI-MAINEXP-37904221,1,False,False,False,False
MI-MAINEXP-37909232,0,False,False,False,False
MI-MAINEXP-37914988,1,False,False,False,False
MI-MAINEXP-37925998,3,False,False,False,False
MI-MAINEXP-3793580,0,False,False,False,False
MI-MAINEXP-37936336,1,False,False,False,False
MI-MAINEXP-37946742,3,True,True,True,False
MI-MAINEXP-38042903,0,False,False,False,False
MI-MAINEXP-38047749,1,True,True,True,True
MI-MAINEXP-38058779,1,False,False,False,False
MI-MAINEXP-38124802,3,True,False,False,False
MI-MAINEXP-38190019,2,False,False,False,False
MI-MAINEXP-38222163,2,False,False,False,False
MI-MAINEXP-38321948,0,True,True,True,False
MI-MAINEXP-38359500,2,False,False,False,False
MI-MAINEXP-38370419,1,False,False,False,False
MI-MAINEXP-38381765,3,True,False,False,False
MI-MAINEXP-3838778,3,False,False,False,False
MI-MAINEXP-38398010,3,True,True,False,True
MI-MAINEXP-38483696,3,True,True,True,False
MI-MAINEXP-38487210,0,False,False,False,False
MI-MAINEXP-38545335,1,False,False,False,False
MI-MAINEXP-38554362,2,False,False,False,False
MI-MAINEXP-38585888,0,False,False,False,False
MI-MAINEXP-38623681,3,True,False,False,False
MI-MAINEXP-38643996,3,False,False,False,False
MI-MAINEXP-38739328,1,False,False,False,False
MI-MAINEXP-38743445,2,False,False,False,False
MI-MAINEXP-38778820,0,False,False,False,False
MI-MAINEXP-38822098,2,False,False,False,False
MI-MAINEXP-38891617,1,False,True,True,False
MI-MAINEXP-3890466,2,False,False,False,False
MI-MAINEXP-38904742,0,False,False,False,False
MI-MAINEXP-38905362,1,False,False,False,False
MI-MAINEXP-38910290,1,False,False,False,False
MI-MAINEXP-38920681,2,False,False,False,False
MI-MAINEXP-38968743,3,True,True,False,True
MI-MAINEXP-39035442,0,False,False,False,False
MI-MAINEXP-39063272,0,False,False,False,False
MI-MAINEXP-39175319,3,False,False,False,False
MI-MAINEXP-39179846,1,False,False,False,False
MI-MAINEXP-39180362,0,False,False,False,False
MI-MAINEXP-39261849,0,False,False,False,False
MI-MAINEXP-39299191,2,False,False,False,False
MI-MAINEXP-39360483,0,False,False,False,False
MI-MAINEXP-39504670,0,False,False,False,False
MI-MAINEXP-39580755,0,False,False,False,False
MI-MAINEXP-3960619,3,True,True,True,True
MI-MAINEXP-39607837,3,True,False,False,False
MI-MAINEXP-39637114,1,False,False,False,False
MI-MAINEXP-39653582,0,False,False,False,False
MI-MAINEXP-39656481,1,True,True,True,False
MI-MAINEXP-39715508,3,True,False,False,False
MI-MAINEXP-39781318,1,False,False,False,False
MI-MAINEXP-39810566,2,False,False,False,False
MI-MAINEXP-39826169,0,False,False,False,False
MI-MAINEXP-3986744,0,False,False,False,False
MI-MAINEXP-39911385,3,True,True,False,True
MI-MAINEXP-39953192,0,False,False,False,False
MI-MAINEXP-39968293,1,False,False,False,False
MI-MAINEXP-39980755,0,False,False,False,False
MI-MAINEXP-39998176,0,True,False,False,False
MI-MAINEXP-40042260,1,True,True,True,True
MI-MAINEXP-40065352,0,False,False,False,False
MI-MAINEXP-40084889,1,False,False,False,False
MI-MAINEXP-40108241,1,False,False,False,False
MI-MAINEXP-40115997,0,True,False,False,False
MI-MAINEXP-40145721,3,True,False,False,False
MI-MAINEXP-40173118,1,False,False,False,False
MI-MAINEXP-40188814,2,False,False,False,False
MI-MAINEXP-40220952,2,False,False,False,False
MI-MAINEXP-4026400,3,True,True,False,True
MI-MAINEXP-40300830,2,False,False,False,False
MI-MAINEXP-4034562,1,True,True,True,False
MI-MAINEXP-40359687,3,True,True,False,True
MI-MAINEXP-4038137,1,False,False,False,False
MI-MAINEXP-40413035,3,False,False,False,False
MI-MAINEXP-40543436,3,True,True,False,True
MI-MAINEXP-40566714,0,False,False,False,False
MI-MAINEXP-40576544,1,False,False,False,False
MI-MAINEXP-40630105,3,False,False,False,False
MI-MAINEXP-40630400,2,False,False,False,False
MI-MAINEXP-40699425,2,False,False,False,False
MI-MAINEXP-4072619,3,True,False,False,False
MI-MAINEXP-40732288,1,False,False,False,False
MI-MAINEXP-40749163,3,True,True,True,True
MI-MAINEXP-40750016,3,False,False,False,False
MI-MAINEXP-40768241,3,False,False,False,False
MI-MAINEXP-40787974,1,True,True,True,False
MI-MAINEXP-4083823,0,False,False,False,False
MI-MAINEXP-40859272,0,True,True,True,False
MI-MAINEXP-40863339,1,False,False,False,False
MI-MAINEXP-40865353,3,True,False,False,False
MI-MAINEXP-40893802,1,False,False,False,False
MI-MAINEXP-40966815,3,True,True,False,True
MI-MAINEXP-40986368,0,False,False,False,False
MI-MAINEXP-41060165,2,False,False,False,False
MI-MAINEXP-41067079,0,False,False,False,False
MI-MAINEXP-41089649,1,False,False,False,False
MI-MAINEXP-41136933,0,False,False,False,False
MI-MAINEXP-41148463,1,False,False,False,False
MI-MAINEXP-41196530,0,False,False,False,False
MI-MAINEXP-41244024,2,False,False,False,False
MI-MAINEXP-41295873,1,False,False,False,False
MI-MAINEXP-41303970,0,False,False,False,False
MI-MAINEXP-41333731,2,False,False,False,False
MI-MAINEXP-41362148,0,False,True,True,False
MI-MAINEXP-41433028,1,False,False,False,False
MI-MAINEXP-41451249,0,False,False,False,False
MI-MAINEXP-4145474,3,True,True,False,True
MI-MAINEXP-41483135,3,True,True,False,True
MI-MAINEXP-41487824,0,False,False,False,False
MI-MAINEXP-41493111,3,True,True,False,True
MI-MAINEXP-41496997,1,False,False,False,False
MI-MAINEXP-41523008,2,False,False,False,False
MI-MAINEXP-41624974,0,False,True,True,False
MI-MAINEXP-41627988,0,True,True,True,False
MI-MAINEXP-41688651,3,True,False,False,False
MI-MAINEXP-41700157,1,False,False,False,False
MI-MAINEXP-41716591,3,True,False,False,False
MI-MAINEXP-4173126,3,False,False,False,False
MI-MAINEXP-41750532,3,True,False,False,False
MI-MAINEXP-41801436,1,False,False,False,False
MI-MAINEXP-4184534,0,False,False,False,False
MI-MAINEXP-41845889,1,False,False,False,False
MI-MAINEXP-41901964,0,True,True,True,False
MI-MAINEXP-41921672,2,True,True,True,False
MI-MAINEXP-41952487,3,True,False,False,False
MI-MAINEXP-41990411,1,False,True,True,False
MI-MAINEXP-42033947,2,False,False,False,False
MI-MAINEXP-42063387,3,True,False,False,False
MI-MAINEXP-42074756,1,False,True,True,False
MI-MAINEXP-42157027,2,False,True,True,False
MI-MAINEXP-42167271,3,True,True,True,True
MI-MAINEXP-42176903,0,False,False,False,False
MI-MAINEXP-42193099,2,False,False,False,False
MI-MAINEXP-42272933,3,True,True,True,False
MI-MAINEXP-42318907,1,False,False,False,False
MI-MAINEXP-4232145,3,True,False,False,False
MI-MAINEXP-42448000,1,False,False,False,False
MI-MAINEXP-42448212,2,False,False,False,False
MI-MAINEXP-42470155,1,False,False,False,False
MI-MAINEXP-42510134,1,False,False,False,False
MI-MAINEXP-4256717,0,False,False,False,False
MI-MAINEXP-42567326,2,False,False,False,False
MI-MAINEXP-42588090,3,True,True,False,True
MI-MAINEXP-42628076,0,False,False,False,False
MI-MAINEXP-42677266,3,True,False,False,False
MI-MAINEXP-42690260,2,False,False,False,False
MI-MAINEXP-42715019,2,False,False,False,False
MI-MAINEXP-42806693,1,False,False,False,False
MI-MAINEXP-42878233,3,True,True,False,True
MI-MAINEXP-42886514,1,True,True,True,False
MI-MAINEXP-42890298,1,False,False,False,False
MI-MAINEXP-42891013,1,False,False,False,False
MI-MAINEXP-42988984,3,True,False,False,False
MI-MAINEXP-43009377,1,False,False,False,False
MI-MAINEXP-43043476,3,True,False,False,False
MI-MAINEXP-4306578,1,False,False,False,False
MI-MAINEXP-43088475,2,False,False,False,False
MI-MAINEXP-43118757,1,False,False,False,False
MI-MAINEXP-43140018,2,False,False,False,False
MI-MAINEXP-4319049,3,True,True,False,True
MI-MAINEXP-43212500,0,False,False,False,False
MI-MAINEXP-43236737,0,False,False,False,False
MI-MAINEXP-43238811,2,False,False,False,False
MI-MAINEXP-43280925,1,False,False,False,False
MI-MAINEXP-4330667,2,False,False,False,False
MI-MAINEXP-43311669,0,False,False,False,False
MI-MAINEXP-43340022,1,False,False,False,False
MI-MAINEXP-4334456,2,False,True,True,False
MI-MAINEXP-43370502,3,True,False,False,False
MI-MAINEXP-43379350,2,False,False,False,False
MI-MAINEXP-43428379,2,False,False,False,False
MI-MAINEXP-4343951,2,False,False,False,False
MI-MAINEXP-4344466,3,True,True,True,True
MI-MAINEXP-43450337,2,False,True,True,False
MI-MAINEXP-43486418,2,False,False,False,False
MI-MAINEXP-43497190,2,False,False,False,False
MI-MAINEXP-43567764,0,False,False,False,False
MI-MAINEXP-43581931,2,False,False,False,False
MI-MAINEXP-43599864,1,False,False,False,False
MI-MAINEXP-43605818,1,False,False,False,False
MI-MAINEXP-43616076,0,False,False,False,False
MI-MAINEXP-43659017,0,False,False,False,False
MI-MAINEXP-43709196,3,True,True,False,True
MI-MAINEXP-43726957,1,False,False,False,False
MI-MAINEXP-43784001,3,True,False,False,False
MI-MAINEXP-43806862,2,False,False,False,False
MI-MAINEXP-43856286,2,False,False,False,False
MI-MAINEXP-43859030,0,False,False,False,False
MI-MAINEXP-43893202,1,False,False,False,False
MI-MAINEXP-43906470,0,False,False,False,False
MI-MAINEXP-43911204,3,True,True,True,False
MI-MAINEXP-43936247,2,False,False,False,False
MI-MAINEXP-43953298,0,False,False,False,False
MI-MAINEXP-44064032,2,False,False,False,False
MI-MAINEXP-44094897,0,False,False,False,False
MI-MAINEXP-44156368,1,False,False,False,False
MI-MAINEXP-44176472,3,True,True,False,True
MI-MAINEXP-44363234,3,True,True,True,True
MI-MAINEXP-44500404,0,True,True,False,True
MI-MAINEXP-44514067,1,False,False,False,False
MI-MAINEXP-44527883,3,False,False,False,False
MI-MAINEXP-44572276,0,False,False,False,False
MI-MAINEXP-44605682,1,False,False,False,False
MI-MAINEXP-44608841,2,False,False,False,False
MI-MAINEXP-44638039,0,False,False,False,False
MI-MAINEXP-44648579,3,True,True,False,True
MI-MAINEXP-44669101,2,True,True,True,False
MI-MAINEXP-44788258,2,False,False,False,False
MI-MAINEXP-44878546,2,True,True,True,False
MI-MAINEXP-44957003,3,True,True,True,True
MI-MAINEXP-44968109,1,False,False,False,False
MI-MAINEXP-4498818,3,True,True,False,True
MI-MAINEXP-45007794,3,True,True,True,True
MI-MAINEXP-45015620,1,False,False,False,False
MI-MAINEXP-45028619,0,False,False,False,False
MI-MAINEXP-45066005,3,True,False,False,False
MI-MAINEXP-45070859,1,False,False,False,False
MI-MAINEXP-45149792,0,False,False,False,False
MI-MAINEXP-45165333,3,False,False,False,False
MI-MAINEXP-45213242,0,False,False,False,False
MI-MAINEXP-4525725,2,False,False,False,False
MI-MAINEXP-45291726,0,False,False,False,False
MI-MAINEXP-45435345,3,False,False,False,False
MI-MAINEXP-45512846,0,False,False,False,False
MI-MAINEXP-4555733,2,False,True,True,False
MI-MAINEXP-4557830,1,False,False,False,False
MI-MAINEXP-45583339,1,False,False,False,False
MI-MAINEXP-45593577,0,False,False,False,False
MI-MAINEXP-45628866,3,False,False,False,False
MI-MAINEXP-45651852,3,True,False,False,False
MI-MAINEXP-45741223,1,False,False,False,False
MI-MAINEXP-4574740,2,False,False,False,False
MI-MAINEXP-45772711,1,False,False,False,False
MI-MAINEXP-45799149,2,False,False,False,False
MI-MAINEXP-45859836,3,False,False,False,False
MI-MAINEXP-45862536,2,False,False,False,False
MI-MAINEXP-45866980,2,False,False,False,False
MI-MAINEXP-46026559,3,True,False,False,False
MI-MAINEXP-46043937,3,True,True,False,True
MI-MAINEXP-46045109,2,True,True,True,False
MI-MAINEXP-46086029,3,True,False,False,False
MI-MAINEXP-46112183,2,False,False,False,False
MI-MAINEXP-46167855,0,True,True,True,False
MI-MAINEXP-46210656,2,False,False,False,False
MI-MAINEXP-46265637,0,False,False,False,False
MI-MAINEXP-46287748,2,False,False,False,False
MI-MAINEXP-46303700,3,True,True,False,True
MI-MAINEXP-4643808,0,True,True,True,False
MI-MAINEXP-46444557,1,False,True,True,False
MI-MAINEXP-46531114,3,True,True,False,True
MI-MAINEXP-46539493,0,True,True,True,False
MI-MAINEXP-4655503,0,False,False,False,False
MI-MAINEXP-46640312,2,False,False,False,False
MI-MAINEXP-46650158,2,False,False,False,False
MI-MAINEXP-46776353,3,False,False,False,False
MI-MAINEXP-46780594,0,False,False,False,False
MI-MAINEXP-46845498,3,False,False,False,False
MI-MAINEXP-46885196,0,False,False,False,False
MI-MAINEXP-46945630,1,False,False,False,False
MI-MAINEXP-46979198,2,False,False,False,False
MI-MAINEXP-47069862,1,False,False,False,False
MI-MAINEXP-47107307,2,False,False,False,False
MI-MAINEXP-47149639,2,False,False,False,False
MI-MAINEXP-47150011,1,False,False,False,False
MI-MAINEXP-47274935,2,False,False,False,False
MI-MAINEXP-47280827,1,False,False,False,False
MI-MAINEXP-47311295,0,False,False,False,False
MI-MAINEXP-47321853,0,False,False,False,False
MI-MAINEXP-47359529,2,False,False,False,False
MI-MAINEXP-47359682,3,True,True,False,True
MI-MAINEXP-47387139,1,False,False,False,False
MI-MAINEXP-4740164,1,True,True,True,False
MI-MAINEXP-47432401,1,True,True,True,False
MI-MAINEXP-4745673,2,False,False,False,False
MI-MAINEXP-47470006,0,False,False,False,False
MI-MAINEXP-4753478,0,True,True,True,False
MI-MAINEXP-47536665,2,False,False,False,False
MI-MAINEXP-47585476,3,True,False,False,False
MI-MAINEXP-47586770,3,True,False,False,False
MI-MAINEXP-47639915,3,True,False,False,False
MI-MAINEXP-47651519,3,True,False,False,False
MI-MAINEXP-47707699,1,False,False,False,False
MI-MAINEXP-47710161,1,False,False,False,False
MI-MAINEXP-47753200,1,False,False,False,False
MI-MAINEXP-47775132,2,False,True,True,False
MI-MAINEXP-47784996,3,False,False,False,False
MI-MAINEXP-47797215,2,False,False,False,False
MI-MAINEXP-47806422,2,False,False,False,False
MI-MAINEXP-47827548,0,True,True,True,False
MI-MAINEXP-47951946,2,False,False,False,False
MI-MAINEXP-48023283,3,True,False,False,False
MI-MAINEXP-48025053,3,False,False,False,False
MI-MAINEXP-48039501,2,False,False,False,False
MI-MAINEXP-48051601,0,False,False,False,False
MI-MAINEXP-48091499,3,True,True,True,True
MI-MAINEXP-48092351,3,False,False,False,False
MI-MAINEXP-48096562,1,False,False,False,False
MI-MAINEXP-48165696,2,False,False,False,False
MI-MAINEXP-48172874,1,False,False,False,False
MI-MAINEXP-48179856,0,False,False,False,False
MI-MAINEXP-48181409,3,True,True,True,True
MI-MAINEXP-4819312,2,False,False,False,False
MI-MAINEXP-48279129,1,False,False,False,False
MI-MAINEXP-48286667,1,False,False,False,False
MI-MAINEXP-48375917,2,False,False,False,False
MI-MAINEXP-48397989,3,True,False,False,False
MI-MAINEXP-48400297,3,True,True,True,True
MI-MAINEXP-48411036,2,False,True,True,False
MI-MAINEXP-48440570,0,False,False,False,False
MI-MAINEXP-48509285,3,True,True,False,True
MI-MAINEXP-48526698,3,True,True,False,True
MI-MAINEXP-48536459,0,True,True,True,False
MI-MAINEXP-48568070,2,False,False,False,False
MI-MAINEXP-48581192,2,False,False,False,False
MI-MAINEXP-48587745,1,True,True,True,False
MI-MAINEXP-48589688,0,False,False,False,False
MI-MAINEXP-48602991,0,False,False,False,False
MI-MAINEXP-48800951,1,False,False,False,False
MI-MAINEXP-48859169,1,False,True,True,False
MI-MAINEXP-48880716,0,True,True,True,False
MI-MAINEXP-4890541,2,False,False,False,False
MI-MAINEXP-48930806,0,False,False,False,False
MI-MAINEXP-49013856,1,False,False,False,False
MI-MAINEXP-49108961,1,False,False,False,False
MI-MAINEXP-49129094,1,True,True,True,False
MI-MAINEXP-49174608,3,True,True,False,True
MI-MAINEXP-4926431,2,False,False,False,False
MI-MAINEXP-49277721,0,True,False,False,False
MI-MAINEXP-4929090,2,False,False,False,False
MI-MAINEXP-49324469,0,True,True,True,False
MI-MAINEXP-49358880,2,False,False,False,False
MI-MAINEXP-49364178,0,False,False,False,False
MI-MAINEXP-49367711,1,False,False,False,False
MI-MAINEXP-49502137,2,False,False,False,False
MI-MAINEXP-49516810,2,False,False,False,False
MI-MAINEXP-49557382,0,False,False,False,False
MI-MAINEXP-49602034,1,False,False,False,False
MI-MAINEXP-49627631,0,False,False,False,False
MI-MAINEXP-49637726,2,False,False,False,False
MI-MAINEXP-49661123,3,True,False,False,False
MI-MAINEXP-49720325,1,False,False,False,False
MI-MAINEXP-49751917,1,False,False,False,False
MI-MAINEXP-49800864,2,False,False,False,False
MI-MAINEXP-49820445,1,False,False,False,False
MI-MAINEXP-49877568,1,False,False,False,False
MI-MAINEXP-49935902,3,False,False,False,False
MI-MAINEXP-4993845,2,False,False,False,False
MI-MAINEXP-49953811,2,True,True,True,False
MI-MAINEXP-49996190,3,False,False,False,False
MI-MAINEXP-50002484,0,False,False,False,False
MI-MAINEXP-50038044,1,False,True,True,False
MI-MAINEXP-50040810,3,True,True,True,False
MI-MAINEXP-50093772,3,False,False,False,False
MI-MAINEXP-50118912,1,False,False,False,False
MI-MAINEXP-50137937,1,False,False,False,False
MI-MAINEXP-50386992,2,False,False,False,False
MI-MAINEXP-5042599,3,True,True,False,True
MI-MAINEXP-50469412,3,True,True,True,True
MI-MAINEXP-50471892,0,True,True,True,False
MI-MAINEXP-50472665,0,False,False,False,False
MI-MAINEXP-50477924,0,False,True,True,False
MI-MAINEXP-50549216,3,True,True,False,True
MI-MAINEXP-50562358,3,False,False,False,False
MI-MAINEXP-50600664,0,False,False,False,False
MI-MAINEXP-50702181,3,False,False,False,False
MI-MAINEXP-50703913,1,False,False,False,False
MI-MAINEXP-50725993,0,True,False,False,False
MI-MAINEXP-50748870,1,False,False,False,False
MI-MAINEXP-50761537,2,False,False,False,False
MI-MAINEXP-50794213,2,False,False,False,False
MI-MAINEXP-5082463,0,False,False,False,False
MI-MAINEXP-50885801,0,False,False,False,False
MI-MAINEXP-50909259,2,False,False,False,False
MI-MAINEXP-50930583,3,False,False,False,False
MI-MAINEXP-5093294,2,False,False,False,False
MI-MAINEXP-50952297,1,False,False,False,False
MI-MAINEXP-50962492,2,False,False,False,False
MI-MAINEXP-51005130,1,False,False,False,False
MI-MAINEXP-51015282,3,False,False,False,False
MI-MAINEXP-51140144,3,True,False,False,False
MI-MAINEXP-51199141,1,True,True,True,False
MI-MAINEXP-51233705,2,False,False,False,False
MI-MAINEXP-5124532,3,False,False,False,False
MI-MAINEXP-5124650,1,False,False,False,False
MI-MAINEXP-51285202,3,True,True,False,True
MI-MAINEXP-51356353,0,False,False,False,False
MI-MAINEXP-51399394,2,False,False,False,False
MI-MAINEXP-51407570,2,False,False,False,False
MI-MAINEXP-51414187,3,False,False,False,False
MI-MAINEXP-51484688,0,False,False,False,False
MI-MAINEXP-51579874,2,False,False,False,False
MI-MAINEXP-51605810,2,False,False,False,False
MI-MAINEXP-51618239,0,False,False,False,False
MI-MAINEXP-51634917,1,False,False,False,False
MI-MAINEXP-51656142,2,False,False,False,False
MI-MAINEXP-51677639,3,True,True,True,True
MI-MAINEXP-51690994,3,False,False,False,False
MI-MAINEXP-51703577,2,True,True,True,False
MI-MAINEXP-51732995,1,True,True,True,False
MI-MAINEXP-51746472,3,True,True,False,True
MI-MAINEXP-51788745,2,False,False,False,False
MI-MAINEXP-51862378,3,True,False,False,False
MI-MAINEXP-51875318,1,False,False,False,False
MI-MAINEXP-5190361,2,False,False,False,False
MI-MAINEXP-51944304,2,False,False,False,False
MI-MAINEXP-51945090,0,False,False,False,False
MI-MAINEXP-51972675,0,False,False,False,False
MI-MAINEXP-52055478,3,True,False,False,False
MI-MAINEXP-52108006,2,False,False,False,False
MI-MAINEXP-5216444,2,False,False,False,False
MI-MAINEXP-52189779,0,True,True,True,False
MI-MAINEXP-52253899,0,True,False,False,False
MI-MAINEXP-52313149,0,False,False,False,False
MI-MAINEXP-52339792,3,True,False,False,False
MI-MAINEXP-52365455,3,True,True,False,True
MI-MAINEXP-52366006,3,True,True,False,True
MI-MAINEXP-52427303,1,False,False,False,False
MI-MAINEXP-52441096,0,True,True,False,True
MI-MAINEXP-52461778,3,True,True,False,True
MI-MAINEXP-52468303,0,False,False,False,False
MI-MAINEXP-52482550,2,False,False,False,False
MI-MAINEXP-5250420,0,True,False,False,False
MI-MAINEXP-52520973,1,False,False,False,False
MI-MAINEXP-52550900,0,False,False,False,False
MI-MAINEXP-52596039,3,True,True,True,True
MI-MAINEXP-5264971,1,True,True,True,False
MI-MAINEXP-52678705,2,False,False,False,False
MI-MAINEXP-52719743,2,False,False,False,False
MI-MAINEXP-52726110,0,False,False,False,False
MI-MAINEXP-52735233,1,False,False,False,False
MI-MAINEXP-52751122,2,False,False,False,False
MI-MAINEXP-52794429,2,False,False,False,False
MI-MAINEXP-52798989,2,False,False,False,False
MI-MAINEXP-52829143,0,False,False,False,False
MI-MAINEXP-52835836,3,True,False,False,False
MI-MAINEXP-52929364,3,True,True,True,True
MI-MAINEXP-53002581,0,False,False,False,False
MI-MAINEXP-53006592,1,False,False,False,False
MI-MAINEXP-53019459,1,False,False,False,False
MI-MAINEXP-5311691,2,False,False,False,False
MI-MAINEXP-53118516,2,False,False,False,False
MI-MAINEXP-53224160,3,False,False,False,False
MI-MAINEXP-53252042,3,True,True,True,True
MI-MAINEXP-53261304,2,True,True,True,False
MI-MAINEXP-53373219,1,False,False,False,False
MI-MAINEXP-53383731,1,False,True,True,False
MI-MAINEXP-53528377,2,False,False,False,False
MI-MAINEXP-53536963,1,False,False,False,False
MI-MAINEXP-53547764,3,True,True,True,False
MI-MAINEXP-53570745,1,False,False,False,False
MI-MAINEXP-53657696,1,False,False,False,False
MI-MAINEXP-5366217,3,True,False,False,False
MI-MAINEXP-53698604,1,False,False,False,False
MI-MAINEXP-5377631,2,False,False,False,False
MI-MAINEXP-53785978,2,False,False,False,False
MI-MAINEXP-5381186,3,False,False,False,False
MI-MAINEXP-53849763,1,False,False,False,False
MI-MAINEXP-53850427,2,False,False,False,False
MI-MAINEXP-53862520,1,False,False,False,False
MI-MAINEXP-53865500,0,False,False,False,False
MI-MAINEXP-53873110,0,False,False,False,False
MI-MAINEXP-53875271,0,False,False,False,False
MI-MAINEXP-53877090,3,True,True,True,False
MI-MAINEXP-53898552,2,False,False,False,False
MI-MAINEXP-53968073,1,False,False,False,False
MI-MAINEXP-53981358,2,False,False,False,False
MI-MAINEXP-53985606,3,True,True,True,True
MI-MAINEXP-53986384,3,False,False,False,False
MI-MAINEXP-54044905,0,True,True,True,False
MI-MAINEXP-5412457,2,False,False,False,False
MI-MAINEXP-54131572,2,False,False,False,False
MI-MAINEXP-54158966,0,False,False,False,False
MI-MAINEXP-54163948,2,False,False,False,False
MI-MAINEXP-54183115,3,True,False,False,False
MI-MAINEXP-54183283,1,False,False,False,False
MI-MAINEXP-54195277,3,True,True,False,True
MI-MAINEXP-5420936,3,True,True,True,True
MI-MAINEXP-54239954,3,False,False,False,False
MI-MAINEXP-54279681,3,True,False,False,False
MI-MAINEXP-54309977,3,True,False,False,False
MI-MAINEXP-54335634,3,True,True,False,True
MI-MAINEXP-54348040,3,True,True,True,False
MI-MAINEXP-54348690,1,False,False,False,False
MI-MAINEXP-54406469,2,False,False,False,False
MI-MAINEXP-54466784,3,True,True,False,True
MI-MAINEXP-54481462,1,True,True,True,False
MI-MAINEXP-5450507,0,False,False,False,False
MI-MAINEXP-54517576,0,False,False,False,False
MI-MAINEXP-54551521,0,False,False,False,False
MI-MAINEXP-5473536,0,False,False,False,False
MI-MAINEXP-54748611,0,False,False,False,False
MI-MAINEXP-54810924,1,False,False,False,False
MI-MAINEXP-54814448,0,False,False,False,False
MI-MAINEXP-54821071,2,False,False,False,False
MI-MAINEXP-54874902,1,False,False,False,False
MI-MAINEXP-54978132,1,False,False,False,False
MI-MAINEXP-55097489,3,True,False,False,False
MI-MAINEXP-55109090,1,False,False,False,False
MI-MAINEXP-55231635,2,False,False,False,False
MI-MAINEXP-55264629,2,False,False,False,False
MI-MAINEXP-55272599,2,False,False,False,False
MI-MAINEXP-55285855,3,True,False,False,False
MI-MAINEXP-55376290,3,True,False,False,False
MI-MAINEXP-55417609,3,False,False,False,False
MI-MAINEXP-55423294,2,False,True,True,False
MI-MAINEXP-55430988,2,False,False,False,False
MI-MAINEXP-55465565,2,False,False,False,False
MI-MAINEXP-55529842,3,False,False,False,False
MI-MAINEXP-55741501,1,False,False,False,False
MI-MAINEXP-55747636,1,True,True,True,True
MI-MAINEXP-55751506,3,False,False,False,False
MI-MAINEXP-5575560,3,True,False,False,False
MI-MAINEXP-55787242,0,False,False,False,False
MI-MAINEXP-55788479,3,True,True,True,True
MI-MAINEXP-55814604,2,False,False,False,False
MI-MAINEXP-55819434,0,False,False,False,False
MI-MAINEXP-55895010,3,True,True,False,True
MI-MAINEXP-55903061,1,False,False,False,False
MI-MAINEXP-55913160,1,False,False,False,False
MI-MAINEXP-5597520,3,True,True,False,True
MI-MAINEXP-55983577,2,False,False,False,False
MI-MAINEXP-56010960,2,False,False,False,False
MI-MAINEXP-56085656,3,False,False,False,False
MI-MAINEXP-56136385,0,False,False,False,False
MI-MAINEXP-5616562,1,False,False,False,False
MI-MAINEXP-56172585,0,False,False,False,False
MI-MAINEXP-56177768,1,True,True,True,False
MI-MAINEXP-56214902,3,False,False,False,False
MI-MAINEXP-56283293,0,False,False,False,False
MI-MAINEXP-56330807,2,False,False,False,False
MI-MAINEXP-56348509,2,False,False,False,False
MI-MAINEXP-56368958,0,False,False,False,False
MI-MAINEXP-56480363,2,False,False,False,False
MI-MAINEXP-56483963,3,False,False,False,False
MI-MAINEXP-56518804,2,False,False,False,False
MI-MAINEXP-56592182,3,False,False,False,False
MI-MAINEXP-56634874,1,True,True,True,False
MI-MAINEXP-56658284,0,False,False,False,False
MI-MAINEXP-56721237,3,True,False,False,False
MI-MAINEXP-56773930,3,False,False,False,False
MI-MAINEXP-56783020,3,True,True,False,True
MI-MAINEXP-56912254,1,False,False,False,False
MI-MAINEXP-56935924,0,False,False,False,False
MI-MAINEXP-56942487,2,False,False,False,False
MI-MAINEXP-56955631,1,False,False,False,False
MI-MAINEXP-57000212,1,False,False,False,False
MI-MAINEXP-57029054,2,False,False,False,False
MI-MAINEXP-57054209,2,False,False,False,False
MI-MAINEXP-57054799,3,True,False,False,False
MI-MAINEXP-57105892,0,False,False,False,False
MI-MAINEXP-57190978,3,False,False,False,False
MI-MAINEXP-5720006,1,False,False,False,False
MI-MAINEXP-57232089,0,False,False,False,False
MI-MAINEXP-5727058,3,True,False,False,False
MI-MAINEXP-57301789,3,True,True,True,True
MI-MAINEXP-57335236,1,False,False,False,False
MI-MAINEXP-57355260,2,True,True,True,False
MI-MAINEXP-57450874,1,False,True,True,False
MI-MAINEXP-57508376,2,False,False,False,False
MI-MAINEXP-57532963,2,False,False,False,False
MI-MAINEXP-57605160,3,True,True,False,True
MI-MAINEXP-57624918,3,True,False,False,False
MI-MAINEXP-57642916,2,False,False,False,False
MI-MAINEXP-57675857,3,True,True,False,True
MI-MAINEXP-57678645,3,True,True,True,True
MI-MAINEXP-57695554,1,False,False,False,False
MI-MAINEXP-57737929,2,False,False,False,False
MI-MAINEXP-57766650,3,True,True,False,True
MI-MAINEXP-57779293,3,True,False,False,False
MI-MAINEXP-5785992,3,False,False,False,False
MI-MAINEXP-5786354,0,False,False,False,False
MI-MAINEXP-57881074,3,False,False,False,False
MI-MAINEXP-57887017,0,False,False,False,False
MI-MAINEXP-57924616,0,False,False,False,False
MI-MAINEXP-57930699,1,False,False,False,False
MI-MAINEXP-5793794,1,False,False,False,False
MI-MAINEXP-57956762,3,True,False,False,False
MI-MAINEXP-57970636,1,False,False,False,False
MI-MAINEXP-57983402,0,True,True,False,True
MI-MAINEXP-57994696,3,True,True,False,True
MI-MAINEXP-57996303,1,False,False,False,False
MI-MAINEXP-58008852,2,False,False,False,False
MI-MAINEXP-58049763,1,False,False,False,False
MI-MAINEXP-58097275,0,False,False,False,False
MI-MAINEXP-58154044,2,False,False,False,False
MI-MAINEXP-58166503,1,False,False,False,False
MI-MAINEXP-5817157,2,False,False,False,False
MI-MAINEXP-58192543,3,True,False,False,False
MI-MAINEXP-58231127,0,False,False,False,False
MI-MAINEXP-58261374,3,True,False,False,False
MI-MAINEXP-58289556,2,False,False,False,False
MI-MAINEXP-58300048,2,False,False,False,False
MI-MAINEXP-58315039,0,False,False,False,False
MI-MAINEXP-58377344,1,False,False,False,False
MI-MAINEXP-58379898,0,False,False,False,False
MI-MAINEXP-58391092,3,True,True,True,True
MI-MAINEXP-58406559,3,False,False,False,False
MI-MAINEXP-58419415,2,False,False,False,False
MI-MAINEXP-58448259,1,False,False,False,False
MI-MAINEXP-58543683,0,False,False,False,False
MI-MAINEXP-58543845,2,True,True,True,False
MI-MAINEXP-58615788,1,False,False,False,False
MI-MAINEXP-58694830,1,False,False,False,False
MI-MAINEXP-58696651,0,True,True,True,False
MI-MAINEXP-58698686,1,False,False,False,False
MI-MAINEXP-58796456,0,False,False,False,False
MI-MAINEXP-58841972,1,False,False,False,False
MI-MAINEXP-59028410,1,False,False,False,False
MI-MAINEXP-59030228,3,False,False,False,False
MI-MAINEXP-59049541,0,False,False,False,False
MI-MAINEXP-59129265,3,True,True,True,True
MI-MAINEXP-5917077,0,False,True,True,False
MI-MAINEXP-5920483,0,False,False,False,False
MI-MAINEXP-59249506,1,False,False,False,False
MI-MAINEXP-59284920,3,True,True,True,False
MI-MAINEXP-59292319,1,False,True,True,False
MI-MAINEXP-59301000,0,False,False,False,False
MI-MAINEXP-59333727,0,False,True,True,False
MI-MAINEXP-59353154,3,True,True,True,False
MI-MAINEXP-59365488,1,False,False,False,False
MI-MAINEXP-59369349,0,False,False,False,False
MI-MAINEXP-59399102,1,False,False,False,False
MI-MAINEXP-59408108,2,False,False,False,False
MI-MAINEXP-59495371,3,False,False,False,False
MI-MAINEXP-59509013,2,False,True,True,False
MI-MAINEXP-59541160,3,True,False,False,False
MI-MAINEXP-59615859,2,False,False,False,False
MI-MAINEXP-59637277,2,False,False,False,False
MI-MAINEXP-59708063,1,False,False,False,False
MI-MAINEXP-59723800,1,False,False,False,False
MI-MAINEXP-59734126,3,True,False,False,False
MI-MAINEXP-59750951,3,True,True,True,False
MI-MAINEXP-59760382,3,True,True,False,True
MI-MAINEXP-59798525,0,False,False,False,False
MI-MAINEXP-59893995,2,True,True,True,False
MI-MAINEXP-59915806,1,False,False,False,False
MI-MAINEXP-59965801,3,False,False,False,False
MI-MAINEXP-60034077,0,False,False,False,False
MI-MAINEXP-60089602,0,False,False,False,False
MI-MAINEXP-60090130,3,False,False,False,False
MI-MAINEXP-60093156,2,False,False,False,False
MI-MAINEXP-60113850,0,True,False,False,False
MI-MAINEXP-60129133,0,False,False,False,False
MI-MAINEXP-60152047,1,False,False,False,False
MI-MAINEXP-60168523,0,False,False,False,False
MI-MAINEXP-60191407,1,False,False,False,False
MI-MAINEXP-60276341,0,False,False,False,False
MI-MAINEXP-60329988,2,False,False,False,False
MI-MAINEXP-60396849,1,False,False,False,False
MI-MAINEXP-60406124,2,False,False,False,False
MI-MAINEXP-60444342,1,False,False,False,False
MI-MAINEXP-60476328,3,True,True,False,True
MI-MAINEXP-60496000,0,True,True,True,False
MI-MAINEXP-60511798,0,False,False,False,False
MI-MAINEXP-60645899,1,True,True,True,False
MI-MAINEXP-60650949,0,True,True,True,False
MI-MAINEXP-60661224,2,False,False,False,False
MI-MAINEXP-6067096,3,False,False,False,False
MI-MAINEXP-60755840,3,False,False,False,False
MI-MAINEXP-6077676,2,True,True,True,False
MI-MAINEXP-60845532,0,False,False,False,False
MI-MAINEXP-60855479,1,False,False,False,False
MI-MAINEXP-60871152,1,False,False,False,False
MI-MAINEXP-60881235,1,False,False,False,False
MI-MAINEXP-60887491,0,False,False,False,False
MI-MAINEXP-60930050,1,False,False,False,False
MI-MAINEXP-61000802,2,False,False,False,False
MI-MAINEXP-61079051,0,False,False,False,False
MI-MAINEXP-61082652,2,False,False,False,False
MI-MAINEXP-61116730,0,True,True,True,True
MI-MAINEXP-61138653,1,False,False,False,False
MI-MAINEXP-61161803,2,False,False,False,False
MI-MAINEXP-61205343,0,False,False,False,False
MI-MAINEXP-61215180,3,False,False,False,False
MI-MAINEXP-61236302,1,False,False,False,False
MI-MAINEXP-61252928,1,False,False,False,False
MI-MAINEXP-61254504,1,False,False,False,False
MI-MAINEXP-61254576,3,False,False,False,False
MI-MAINEXP-61260212,1,False,False,False,False
MI-MAINEXP-61285110,2,False,False,False,False
MI-MAINEXP-61335078,1,False,False,False,False
MI-MAINEXP-61368173,2,False,False,False,False
MI-MAINEXP-6143044,0,False,False,False,False
MI-MAINEXP-61443241,0,False,False,False,False
MI-MAINEXP-61526386,3,True,True,True,False
MI-MAINEXP-61604427,1,True,True,True,False
MI-MAINEXP-61654848,1,False,False,False,False
MI-MAINEXP-61673433,1,False,False,False,False
MI-MAINEXP-61708507,1,False,False,False,False
MI-MAINEXP-61734180,3,True,True,False,True
MI-MAINEXP-61738618,2,True,True,True,False
MI-MAINEXP-61744757,0,False,False,False,False
MI-MAINEXP-61751343,1,False,False,False,False
MI-MAINEXP-61889251,1,False,False,False,False
MI-MAINEXP-6191351,3,True,True,False,True
MI-MAINEXP-61936340,1,False,False,False,False
MI-MAINEXP-61956348,2,False,False,False,False
MI-MAINEXP-62011265,0,False,True,True,False
MI-MAINEXP-62032687,1,False,False,False,False
MI-MAINEXP-62053410,3,True,True,False,True
MI-MAINEXP-62059744,1,False,False,False,False
MI-MAINEXP-62072487,3,True,True,True,False
MI-MAINEXP-62074140,2,False,False,False,False
MI-MAINEXP-62078306,0,False,False,False,False
MI-MAINEXP-62131656,2,False,False,False,False
MI-MAINEXP-62158964,3,True,True,False,True
MI-MAINEXP-62163542,0,False,False,False,False
MI-MAINEXP-62235773,1,False,False,False,False
MI-MAINEXP-62284385,2,False,False,False,False
MI-MAINEXP-6229713,3,True,True,False,True
MI-MAINEXP-62332635,1,False,False,False,False
MI-MAINEXP-62334696,0,False,True,True,False
MI-MAINEXP-6235340,1,False,False,False,False
MI-MAINEXP-62354514,3,False,False,False,False
MI-MAINEXP-62361872,0,False,False,False,False
MI-MAINEXP-62366572,1,True,True,True,True
MI-MAINEXP-62385850,2,False,False,False,False
MI-MAINEXP-62395546,2,False,False,False,False
MI-MAINEXP-62404162,3,True,False,False,False
MI-MAINEXP-62433467,2,False,False,False,False
MI-MAINEXP-62437606,1,False,False,False,False
MI-MAINEXP-6246093,1,False,False,False,False
MI-MAINEXP-62513436,3,True,False,False,False
MI-MAINEXP-62522668,1,True,True,True,False
MI-MAINEXP-62588090,1,False,False,False,False
MI-MAINEXP-62733452,1,False,False,False,False
MI-MAINEXP-62778481,3,False,False,False,False
MI-MAINEXP-62802972,1,False,False,False,False
MI-MAINEXP-62855884,3,True,False,False,False
MI-MAINEXP-62915727,3,False,False,False,False
MI-MAINEXP-62986822,0,False,False,False,False
MI-MAINEXP-63088722,0,False,False,False,False
MI-MAINEXP-63099516,2,False,False,False,False
MI-MAINEXP-63103084,3,True,False,False,False
MI-MAINEXP-63107318,3,True,True,False,True
MI-MAINEXP-63182836,3,True,False,False,False
MI-MAINEXP-63360057,2,False,False,False,False
MI-MAINEXP-63413269,3,True,True,True,False
MI-MAINEXP-63432194,2,False,False,False,False
MI-MAINEXP-63437932,0,False,False,False,False
MI-MAINEXP-63476507,0,False,False,False,False
MI-MAINEXP-63503172,1,False,False,False,False
MI-MAINEXP-63513354,3,True,False,False,False
MI-MAINEXP-63530149,3,True,False,False,False
MI-MAINEXP-63530891,3,True,True,False,True
MI-MAINEXP-63587671,3,True,True,False,True
MI-MAINEXP-63623817,2,True,True,True,False
MI-MAINEXP-63644782,2,False,False,False,False
MI-MAINEXP-63654715,1,False,False,False,False
MI-MAINEXP-63680367,1,False,False,False,False
MI-MAINEXP-63712271,3,True,True,False,True
MI-MAINEXP-63716026,2,False,False,False,False
MI-MAINEXP-63750110,3,True,True,False,True
MI-MAINEXP-63761963,1,False,False,False,False
MI-MAINEXP-63768690,2,False,False,False,False
MI-MAINEXP-63832372,0,False,False,False,False
MI-MAINEXP-63854663,2,False,False,False,False
MI-MAINEXP-63859288,0,False,False,False,False
MI-MAINEXP-63873811,3,True,True,False,True
MI-MAINEXP-63905393,3,True,False,False,False
MI-MAINEXP-63914462,3,False,False,False,False
MI-MAINEXP-63920949,3,True,False,False,False
MI-MAINEXP-63943881,3,True,False,False,False
MI-MAINEXP-63953952,0,False,False,False,False
MI-MAINEXP-64001716,1,False,False,False,False
MI-MAINEXP-64018690,3,True,False,False,False
MI-MAINEXP-64038485,0,False,False,False,False
MI-MAINEXP-64083284,2,False,False,False,False
MI-MAINEXP-64107459,2,False,False,False,False
MI-MAINEXP-64256031,2,False,False,False,False
MI-MAINEXP-64257097,2,False,False,False,False
MI-MAINEXP-64326327,1,False,False,False,False
MI-MAINEXP-64415021,1,True,True,True,False
MI-MAINEXP-6447570,0,True,True,True,False
MI-MAINEXP-64489391,1,False,False,False,False
MI-MAINEXP-64598152,3,False,False,False,False
MI-MAINEXP-64632107,1,False,False,False,False
MI-MAINEXP-64663304,2,False,False,False,False
MI-MAINEXP-64702496,3,True,False,False,False
MI-MAINEXP-64719159,0,False,False,False,False
MI-MAINEXP-64773130,1,False,False,False,False
MI-MAINEXP-64815573,3,True,False,False,False
MI-MAINEXP-64846205,0,False,False,False,False
MI-MAINEXP-64886283,3,False,False,False,False
MI-MAINEXP-64952709,1,False,False,False,False
MI-MAINEXP-64955510,3,True,True,True,False
MI-MAINEXP-65008489,2,True,True,True,False
MI-MAINEXP-65092035,3,True,False,False,False
MI-MAINEXP-65168664,2,False,False,False,False
MI-MAINEXP-65170178,3,True,False,False,False
MI-MAINEXP-65233106,3,True,True,False,True
MI-MAINEXP-65234287,3,True,False,False,False
MI-MAINEXP-65288867,3,True,True,False,True
MI-MAINEXP-65302585,0,False,False,False,False
MI-MAINEXP-65320044,0,False,False,False,False
MI-MAINEXP-65334006,2,False,False,False,False
MI-MAINEXP-65347848,1,True,True,True,False
MI-MAINEXP-6535290,0,False,False,False,False
MI-MAINEXP-65389838,0,False,False,False,False
MI-MAINEXP-65409494,2,False,False,False,False
MI-MAINEXP-65446962,0,False,False,False,False
MI-MAINEXP-65457517,0,False,False,False,False
MI-MAINEXP-65462647,3,True,True,False,True
MI-MAINEXP-6561966,3,True,True,True,True
MI-MAINEXP-65626022,1,False,False,False,False
MI-MAINEXP-65681871,1,False,False,False,False
MI-MAINEXP-65685801,3,True,False,False,False
MI-MAINEXP-65740105,1,False,False,False,False
MI-MAINEXP-65741680,0,False,False,False,False
MI-MAINEXP-65752839,2,False,False,False,False
MI-MAINEXP-65787799,1,False,False,False,False
MI-MAINEXP-65790026,2,False,False,False,False
MI-MAINEXP-65800441,3,True,True,False,True
MI-MAINEXP-65823011,1,False,False,False,False
MI-MAINEXP-65837055,1,False,False,False,False
MI-MAINEXP-65861037,1,False,False,False,False
MI-MAINEXP-65933652,0,False,False,False,False
MI-MAINEXP-66014332,0,False,False,False,False
MI-MAINEXP-66056615,1,True,False,False,False
MI-MAINEXP-66060144,0,False,False,False,False
MI-MAINEXP-66079304,0,False,False,False,False
MI-MAINEXP-66137740,3,True,True,False,True
MI-MAINEXP-66139069,1,False,False,False,False
MI-MAINEXP-66181228,2,False,False,False,False
MI-MAINEXP-66200571,0,True,True,False,True
MI-MAINEXP-66285421,1,False,False,False,False
MI-MAINEXP-6630403,1,False,False,False,False
MI-MAINEXP-66327932,3,True,True,False,True
MI-MAINEXP-6635117,2,False,False,False,False
MI-MAINEXP-66398734,3,False,False,False,False
MI-MAINEXP-66421335,0,True,True,True,False
MI-MAINEXP-66425264,1,False,False,False,False
MI-MAINEXP-66427216,1,False,False,False,False
MI-MAINEXP-66429769,3,True,False,False,False
MI-MAINEXP-66472401,1,False,False,False,False
MI-MAINEXP-66477661,0,False,False,False,False
MI-MAINEXP-66540253,1,False,False,False,False
MI-MAINEXP-6654032,2,False,False,False,False
MI-MAINEXP-66543347,0,False,False,False,False
MI-MAINEXP-66578099,3,True,True,False,True
MI-MAINEXP-6658537,3,False,False,False,False
MI-MAINEXP-66609974,3,True,True,False,True
MI-MAINEXP-6667957,2,False,False,False,False
MI-MAINEXP-66798514,3,True,True,False,True
MI-MAINEXP-66827917,0,False,False,False,False
MI-MAINEXP-6683280,2,False,False,False,False
MI-MAINEXP-66844870,1,True,True,True,True
MI-MAINEXP-66884107,2,False,False,False,False
MI-MAINEXP-66896805,1,False,False,False,False
MI-MAINEXP-66896931,1,True,True,True,False
MI-MAINEXP-6694720,0,False,False,False,False
MI-MAINEXP-66948625,2,False,False,False,False
MI-MAINEXP-67029227,1,False,False,False,False
MI-MAINEXP-67083733,2,False,False,False,False
MI-MAINEXP-67092093,2,False,False,False,False
MI-MAINEXP-67187002,3,True,True,False,True
MI-MAINEXP-6724122,2,False,True,True,False
MI-MAINEXP-6727803,3,True,True,True,True
MI-MAINEXP-67381812,1,False,False,False,False
MI-MAINEXP-6739338,3,True,False,False,False
MI-MAINEXP-67420118,1,False,False,False,False
MI-MAINEXP-67447686,2,False,False,False,False
MI-MAINEXP-67460824,1,False,False,False,False
MI-MAINEXP-67513028,3,False,True,True,False
MI-MAINEXP-67552889,3,True,True,False,True
MI-MAINEXP-67574808,0,False,False,False,False
MI-MAINEXP-67583651,0,False,False,False,False
MI-MAINEXP-67670878,3,True,False,False,False
MI-MAINEXP-67721508,0,False,False,False,False
MI-MAINEXP-67732767,2,False,False,False,False
MI-MAINEXP-67744650,1,False,False,False,False
MI-MAINEXP-67782285,1,True,True,True,False
MI-MAINEXP-67933062,1,False,False,False,False
MI-MAINEXP-68024721,3,True,True,True,False
MI-MAINEXP-68033030,3,True,True,False,True
MI-MAINEXP-6803492,0,False,False,False,False
MI-MAINEXP-68049820,1,False,False,False,False
MI-MAINEXP-68050113,0,False,False,False,False
MI-MAINEXP-6811016,3,True,False,False,False
MI-MAINEXP-68114769,1,False,False,False,False
MI-MAINEXP-6812013,2,False,False,False,False
MI-MAINEXP-68124262,0,False,False,False,False
MI-MAINEXP-68143025,2,False,False,False,False
MI-MAINEXP-68173432,2,False,False,False,False
MI-MAINEXP-68205916,0,False,False,False,False
MI-MAINEXP-6822384,3,True,False,False,False
MI-MAINEXP-68247723,1,False,False,False,False
MI-MAINEXP-6829333,3,True,True,False,True
MI-MAINEXP-68338310,3,False,False,False,False
MI-MAINEXP-68410976,3,False,False,False,False
MI-MAINEXP-68471945,1,False,False,False,False
MI-MAINEXP-68475984,0,False,False,False,False
MI-MAINEXP-68476972,2,False,False,False,False
MI-MAINEXP-68603466,1,False,False,False,False
MI-MAINEXP-68608259,2,False,False,False,False
MI-MAINEXP-68636750,1,False,False,False,False
MI-MAINEXP-68728502,3,False,False,False,False
MI-MAINEXP-68730924,0,False,False,False,False
MI-MAINEXP-68732727,2,False,False,False,False
MI-MAINEXP-68800789,0,True,True,True,False
MI-MAINEXP-68842690,3,True,True,True,True
MI-MAINEXP-68884239,2,False,False,False,False
MI-MAINEXP-68918500,3,True,True,True,True
MI-MAINEXP-68919971,3,True,True,False,True
MI-MAINEXP-68942135,1,False,False,False,False
MI-MAINEXP-68963155,3,True,False,False,False
MI-MAINEXP-68996316,2,False,False,False,False
MI-MAINEXP-69010166,1,False,False,False,False
MI-MAINEXP-69072337,2,False,False,False,False
MI-MAINEXP-69115784,2,False,True,True,False
MI-MAINEXP-69118858,3,True,True,False,True
MI-MAINEXP-69163441,3,True,True,False,True
MI-MAINEXP-69213942,1,True,True,True,False
MI-MAINEXP-69320811,0,False,False,False,False
MI-MAINEXP-69347922,1,True,True,True,True
MI-MAINEXP-69358937,2,False,True,True,False
MI-MAINEXP-69375232,0,False,False,False,False
MI-MAINEXP-69411779,3,True,True,True,False
MI-MAINEXP-69531757,1,False,False,False,False
MI-MAINEXP-69704756,1,False,False,False,False
MI-MAINEXP-69720926,0,False,False,False,False
MI-MAINEXP-69797779,0,False,False,False,False
MI-MAINEXP-69811021,1,False,False,False,False
MI-MAINEXP-69834586,0,False,False,False,False
MI-MAINEXP-69847664,2,False,False,False,False
MI-MAINEXP-69872646,3,True,True,True,True
MI-MAINEXP-6992331,2,False,False,False,False
MI-MAINEXP-69935489,1,False,False,False,False
MI-MAINEXP-69988128,2,False,False,False,False
MI-MAINEXP-69999531,0,False,False,False,False
MI-MAINEXP-70005348,1,False,False,False,False
MI-MAINEXP-70019678,0,True,True,True,False
MI-MAINEXP-70066492,0,False,False,False,False
MI-MAINEXP-70081473,1,False,False,False,False
MI-MAINEXP-70155780,2,False,False,False,False
MI-MAINEXP-70205637,3,True,True,True,True
MI-MAINEXP-70215756,3,True,True,False,True
MI-MAINEXP-70219644,0,False,False,False,False
MI-MAINEXP-70225802,1,False,False,False,False
MI-MAINEXP-70238045,2,False,False,False,False
MI-MAINEXP-70292058,3,False,False,False,False
MI-MAINEXP-70357434,2,False,False,False,False
MI-MAINEXP-70362234,0,False,False,False,False
MI-MAINEXP-70394962,2,False,False,False,False
MI-MAINEXP-70398420,3,False,False,False,False
MI-MAINEXP-7050126,2,False,False,False,False
MI-MAINEXP-70503133,0,True,True,True,False
MI-MAINEXP-70548468,3,False,False,False,False
MI-MAINEXP-70619438,1,False,False,False,False
MI-MAINEXP-7063203,1,False,False,False,False
MI-MAINEXP-70633849,1,False,False,False,False
MI-MAINEXP-70639475,1,False,False,False,False
MI-MAINEXP-7064266,0,False,False,False,False
MI-MAINEXP-70718506,1,False,False,False,False
MI-MAINEXP-70730555,3,False,False,False,False
MI-MAINEXP-70767194,1,False,False,False,False
MI-MAINEXP-7079657,3,True,True,True,True
MI-MAINEXP-70797792,1,False,False,False,False
MI-MAINEXP-70808569,0,False,False,False,False
MI-MAINEXP-70940442,2,False,False,False,False
MI-MAINEXP-70951543,3,True,False,False,False
MI-MAINEXP-70954597,3,True,True,False,True
MI-MAINEXP-70996910,3,True,True,True,True
MI-MAINEXP-71012130,2,False,False,False,False
MI-MAINEXP-71066806,0,False,False,False,False
MI-MAINEXP-71075523,0,False,False,False,False
MI-MAINEXP-71075688,3,True,True,False,True
MI-MAINEXP-71076021,0,False,False,False,False
MI-MAINEXP-71109115,1,False,True,True,False
MI-MAINEXP-7113383,2,False,False,False,False
MI-MAINEXP-71184333,2,False,False,False,False
MI-MAINEXP-71198938,0,False,False,False,False
MI-MAINEXP-7132643,1,False,False,False,False
MI-MAINEXP-71356663,0,False,False,False,False
MI-MAINEXP-7140600,0,False,False,False,False
MI-MAINEXP-71408320,3,False,False,False,False
MI-MAINEXP-71418062,3,True,False,False,False
MI-MAINEXP-71429386,3,True,True,False,True
MI-MAINEXP-71443808,3,False,False,False,False
MI-MAINEXP-71456335,3,False,False,False,False
MI-MAINEXP-71521289,2,False,False,False,False
MI-MAINEXP-71593717,0,False,False,False,False
MI-MAINEXP-71648484,1,False,False,False,False
MI-MAINEXP-71805988,1,False,False,False,False
MI-MAINEXP-71883198,0,False,False,False,False
MI-MAINEXP-71951559,2,False,False,False,False
MI-MAINEXP-71953819,0,True,True,True,False
MI-MAINEXP-72024462,1,False,False,False,False
MI-MAINEXP-72026216,0,False,False,False,False
MI-MAINEXP-72132107,3,True,False,False,False
MI-MAINEXP-72158208,0,False,False,False,False
MI-MAINEXP-72169972,2,False,False,False,False
MI-MAINEXP-72203823,2,False,False,False,False
MI-MAINEXP-7232084,0,True,False,False,False
MI-MAINEXP-72368318,2,False,False,False,False
MI-MAINEXP-72378313,2,False,False,False,False
MI-MAINEXP-72464843,2,True,True,True,False
MI-MAINEXP-72473852,2,False,False,False,False
MI-MAINEXP-72505091,3,False,False,False,False
MI-MAINEXP-72517803,2,False,False,False,False
MI-MAINEXP-72556945,3,False,False,False,False
MI-MAINEXP-72590897,3,True,True,True,True
MI-MAINEXP-72607583,3,True,True,True,True
MI-MAINEXP-72618969,2,False,False,False,False
MI-MAINEXP-72654966,0,False,False,False,False
MI-MAINEXP-7269762,1,False,False,False,False
MI-MAINEXP-72710041,3,True,True,False,True
MI-MAINEXP-72741981,0,False,False,False,False
MI-MAINEXP-72766283,3,True,False,False,False
MI-MAINEXP-72801530,0,False,False,False,False
MI-MAINEXP-72830916,1,False,False,False,False
MI-MAINEXP-72869632,0,False,False,False,False
MI-MAINEXP-72949393,1,False,False,False,False
MI-MAINEXP-72988667,1,False,False,False,False
MI-MAINEXP-73019935,2,False,False,False,False
MI-MAINEXP-73153759,1,False,False,False,False
MI-MAINEXP-73194716,1,False,False,False,False
MI-MAINEXP-73212814,1,False,False,False,False
MI-MAINEXP-73220843,1,False,False,False,False
MI-MAINEXP-73275913,2,False,False,False,False
MI-MAINEXP-73278561,0,True,True,True,False
MI-MAINEXP-73363170,1,True,True,True,False
MI-MAINEXP-73364606,3,True,False,False,False
MI-MAINEXP-73502972,2,False,False,False,False
MI-MAINEXP-73511617,0,False,False,False,False
MI-MAINEXP-73519534,3,True,True,False,True
MI-MAINEXP-73523105,0,False,False,False,False
MI-MAINEXP-73587102,1,False,False,False,False
MI-MAINEXP-73591439,0,False,False,False,False
MI-MAINEXP-73642632,3,True,True,False,True
MI-MAINEXP-73662730,0,False,False,False,False
MI-MAINEXP-73674744,3,True,False,False,False
MI-MAINEXP-73679302,2,False,False,False,False
MI-MAINEXP-73682177,1,False,False,False,False
MI-MAINEXP-73742707,1,False,False,False,False
MI-MAINEXP-73752017,0,True,True,True,False
MI-MAINEXP-73787448,1,False,False,False,False
MI-MAINEXP-73837298,2,False,False,False,False
MI-MAINEXP-73848514,1,False,False,False,False
MI-MAINEXP-73900420,2,False,False,False,False
MI-MAINEXP-73981914,2,False,False,False,False
MI-MAINEXP-73999531,2,False,False,False,False
MI-MAINEXP-74030806,3,True,False,False,False
MI-MAINEXP-74053592,0,False,False,False,False
MI-MAINEXP-74090005,1,False,False,False,False
MI-MAINEXP-74092448,0,False,False,False,False
MI-MAINEXP-74099764,1,False,False,False,False
MI-MAINEXP-74138342,1,False,False,False,False
MI-MAINEXP-74204423,2,False,False,False,False
MI-MAINEXP-74255323,1,False,False,False,False
MI-MAINEXP-7433287,0,False,False,False,False
MI-MAINEXP-74376391,3,False,False,False,False
MI-MAINEXP-74401939,2,False,False,False,False
MI-MAINEXP-74405626,1,False,False,False,False
MI-MAINEXP-74685857,3,False,False,False,False
MI-MAINEXP-74723096,1,False,False,False,False
MI-MAINEXP-74756141,1,False,False,False,False
MI-MAINEXP-74882335,1,False,False,False,False
MI-MAINEXP-74904497,0,False,False,False,False
MI-MAINEXP-74939272,3,True,False,False,False
MI-MAINEXP-74981786,3,True,True,False,True
MI-MAINEXP-74991543,1,False,False,False,False
MI-MAINEXP-75023404,2,False,False,False,False
MI-MAINEXP-75024163,3,False,False,False,False
MI-MAINEXP-7505615,3,False,False,False,False
MI-MAINEXP-75070896,3,True,True,False,True
MI-MAINEXP-7509030,1,False,False,False,False
MI-MAINEXP-75144449,0,True,True,True,False
MI-MAINEXP-75144977,1,False,False,False,False
MI-MAINEXP-7524866,1,False,False,False,False
MI-MAINEXP-75258705,3,True,True,True,True
MI-MAINEXP-75313251,3,False,False,False,False
MI-MAINEXP-75340530,2,False,False,False,False
MI-MAINEXP-75342078,0,True,True,True,False
MI-MAINEXP-75343273,1,False,False,False,False
MI-MAINEXP-7534920,2,False,False,False,False
MI-MAINEXP-75372760,1,False,False,False,False
MI-MAINEXP-75431803,1,False,False,False,False
MI-MAINEXP-75437094,2,False,False,False,False
MI-MAINEXP-75548879,0,False,False,False,False
MI-MAINEXP-75559878,3,True,False,False,False
MI-MAINEXP-75572375,2,False,False,False,False
MI-MAINEXP-75620453,0,False,False,False,False
MI-MAINEXP-75660840,0,False,False,False,False
MI-MAINEXP-75682217,2,False,False,False,False
MI-MAINEXP-75701257,1,False,False,False,False
MI-MAINEXP-75748705,2,False,False,False,False
MI-MAINEXP-75763464,3,False,False,False,False
MI-MAINEXP-75764278,2,False,False,False,False
MI-MAINEXP-75765849,0,False,False,False,False
MI-MAINEXP-75768258,1,False,False,False,False
MI-MAINEXP-75790594,0,False,False,False,False
MI-MAINEXP-75838934,1,False,False,False,False
MI-MAINEXP-75866246,3,True,False,False,False
MI-MAINEXP-75967511,1,False,False,False,False
MI-MAINEXP-75977807,0,True,False,False,False
MI-MAINEXP-75983799,0,False,False,False,False
MI-MAINEXP-75995926,0,False,False,False,False
MI-MAINEXP-76022442,2,False,False,False,False
MI-MAINEXP-7602368,1,False,False,False,False
MI-MAINEXP-76132711,0,False,False,False,False
MI-MAINEXP-76176987,2,True,True,True,False
MI-MAINEXP-7635713,3,True,False,False,False
MI-MAINEXP-76368687,1,False,False,False,False
MI-MAINEXP-76371121,0,False,False,False,False
MI-MAINEXP-76408922,2,False,False,False,False
MI-MAINEXP-7641852,3,True,False,False,False
MI-MAINEXP-76455616,1,False,False,False,False
MI-MAINEXP-76485355,1,False,False,False,False
MI-MAINEXP-76547267,1,False,False,False,False
MI-MAINEXP-76561142,1,False,False,False,False
MI-MAINEXP-76561478,0,True,True,True,False
MI-MAINEXP-76606210,1,False,False,False,False
MI-MAINEXP-76607480,0,False,False,False,False
MI-MAINEXP-76636642,1,False,False,False,False
MI-MAINEXP-76684834,1,False,False,False,False
MI-MAINEXP-76737843,2,False,False,False,False
MI-MAINEXP-76798194,2,False,True,True,False
MI-MAINEXP-76814407,3,True,True,True,True
MI-MAINEXP-76894371,0,False,False,False,False
MI-MAINEXP-76940378,1,False,True,True,False
MI-MAINEXP-76992702,0,True,True,True,False
MI-MAINEXP-77031973,1,False,False,False,False
MI-MAINEXP-77057131,0,False,True,True,False
MI-MAINEXP-77064982,3,True,True,True,True
MI-MAINEXP-77070993,2,False,False,False,False
MI-MAINEXP-77081871,1,False,False,False,False
MI-MAINEXP-77188042,0,True,True,True,False
MI-MAINEXP-77188093,0,False,False,False,False
MI-MAINEXP-7723050,0,False,False,False,False
MI-MAINEXP-77257957,2,False,False,False,False
MI-MAINEXP-77266176,0,False,False,False,False
MI-MAINEXP-77325137,1,False,False,False,False
MI-MAINEXP-77343440,3,False,False,False,False
MI-MAINEXP-77388223,3,False,False,False,False
MI-MAINEXP-77416385,2,False,False,False,False
MI-MAINEXP-77433360,1,False,False,False,False
MI-MAINEXP-77456304,0,False,False,False,False
MI-MAINEXP-77458956,1,True,True,True,False
MI-MAINEXP-7747181,1,False,False,False,False
MI-MAINEXP-77473223,3,True,True,False,True
MI-MAINEXP-7750069,0,True,True,True,False
MI-MAINEXP-77507573,1,False,False,False,False
MI-MAINEXP-77510154,3,True,False,False,False
MI-MAINEXP-77639613,2,True,True,True,False
MI-MAINEXP-77759533,3,False,False,False,False
MI-MAINEXP-77829110,3,False,False,False,False
MI-MAINEXP-77893100,2,False,False,False,False
MI-MAINEXP-77906440,2,False,False,False,False
MI-MAINEXP-77915217,3,False,False,False,False
MI-MAINEXP-77981987,1,False,False,False,False
MI-MAINEXP-78007472,1,False,False,False,False
MI-MAINEXP-78045359,0,False,False,False,False
MI-MAINEXP-78068821,2,False,False,False,False
MI-MAINEXP-78111180,3,True,True,True,False
MI-MAINEXP-7812435,2,False,False,False,False
MI-MAINEXP-78126396,2,False,True,True,False
MI-MAINEXP-7813155,2,True,True,True,False
MI-MAINEXP-78153051,1,False,False,False,False
MI-MAINEXP-78171938,3,True,False,False,False
MI-MAINEXP-78241451,1,False,False,False,False
MI-MAINEXP-78247574,3,True,False,False,False
MI-MAINEXP-78306739,0,False,False,False,False
MI-MAINEXP-78363721,3,True,False,False,False
MI-MAINEXP-78380712,0,False,False,False,False
MI-MAINEXP-78426653,1,False,True,True,False
MI-MAINEXP-78436121,0,False,False,False,False
MI-MAINEXP-7847124,3,True,False,False,False
MI-MAINEXP-78488712,2,False,False,False,False
MI-MAINEXP-78548838,2,False,False,False,False
MI-MAINEXP-78556945,3,True,True,True,True
MI-MAINEXP-78617062,2,False,False,False,False
MI-MAINEXP-78681084,1,False,False,False,False
MI-MAINEXP-78707624,0,False,False,False,False
MI-MAINEXP-78714419,1,False,False,False,False
MI-MAINEXP-7871884,1,True,True,True,False
MI-MAINEXP-78767546,3,True,False,False,False
MI-MAINEXP-78809736,2,False,False,False,False
MI-MAINEXP-78832977,1,False,True,True,False
MI-MAINEXP-78862088,2,False,False,False,False
MI-MAINEXP-78879093,1,False,False,False,False
MI-MAINEXP-78894770,2,False,False,False,False
MI-MAINEXP-78951899,2,False,False,False,False
MI-MAINEXP-78961637,2,False,False,False,False
MI-MAINEXP-78969826,0,False,False,False,False
MI-MAINEXP-7904771,2,False,False,False,False
MI-MAINEXP-79050810,3,False,False,False,False
MI-MAINEXP-79053884,1,False,False,False,False
MI-MAINEXP-79098637,1,False,False,False,False
MI-MAINEXP-79126774,3,False,False,False,False
MI-MAINEXP-79190693,1,False,False,False,False
MI-MAINEXP-79198286,1,False,False,False,False
MI-MAINEXP-79199524,3,False,False,False,False
MI-MAINEXP-79206277,3,True,False,False,False
MI-MAINEXP-79248693,1,False,False,False,False
MI-MAINEXP-79255388,0,False,False,False,False
MI-MAINEXP-79287037,3,False,False,False,False
MI-MAINEXP-79304243,1,False,False,False,False
MI-MAINEXP-79323120,1,False,False,False,False
MI-MAINEXP-79333189,1,False,False,False,False
MI-MAINEXP-79361902,3,False,False,False,False
MI-MAINEXP-79481718,1,True,True,True,False
MI-MAINEXP-7949597,2,False,False,False,False
MI-MAINEXP-79502778,0,False,False,False,False
MI-MAINEXP-79507267,0,False,False,False,False
MI-MAINEXP-79511870,1,False,False,False,False
MI-MAINEXP-79561429,3,True,True,False,True
MI-MAINEXP-79615422,3,True,False,False,False
MI-MAINEXP-79671319,2,False,False,False,False
MI-MAINEXP-79672345,1,False,False,False,False
MI-MAINEXP-79732711,2,False,False,False,False
MI-MAINEXP-79757730,3,True,False,False,False
MI-MAINEXP-79772136,1,False,False,False,False
MI-MAINEXP-7977253,1,False,False,False,False
MI-MAINEXP-79774815,3,True,True,True,True
MI-MAINEXP-79796109,1,False,False,False,False
MI-MAINEXP-79815538,3,False,False,False,False
MI-MAINEXP-79859636,1,False,False,False,False
MI-MAINEXP-79929270,1,False,False,False,False
MI-MAINEXP-79971204,0,False,False,False,False
MI-MAINEXP-7998616,0,False,False,False,False
MI-MAINEXP-7998657,2,False,False,False,False
MI-MAINEXP-80029285,0,False,False,False,False
MI-MAINEXP-80038969,1,False,False,False,False
MI-MAINEXP-80042235,1,False,False,False,False
MI-MAINEXP-80110328,3,True,True,True,True
MI-MAINEXP-80144020,3,True,False,False,False
MI-MAINEXP-80168986,3,True,True,True,False
MI-MAINEXP-80180388,3,False,False,False,False
MI-MAINEXP-8018482,0,False,True,True,False
MI-MAINEXP-80202246,1,True,True,True,False
MI-MAINEXP-80218327,3,False,False,False,False
MI-MAINEXP-8025347,0,False,False,False,False
MI-MAINEXP-80257136,3,True,True,False,True
MI-MAINEXP-80358469,2,False,False,False,False
MI-MAINEXP-80392135,0,False,False,False,False
MI-MAINEXP-80491595,2,False,False,False,False
MI-MAINEXP-80516091,1,False,False,False,False
MI-MAINEXP-8052091,2,False,False,False,False
MI-MAINEXP-80567340,1,False,False,False,False
MI-MAINEXP-80581864,2,False,False,False,False
MI-MAINEXP-80608403,1,False,False,False,False
MI-MAINEXP-80619463,0,False,False,False,False
MI-MAINEXP-80656772,3,True,True,False,True
MI-MAINEXP-80662232,1,False,False,False,False
MI-MAINEXP-8067706,0,False,False,False,False
MI-MAINEXP-80721606,1,False,False,False,False
MI-MAINEXP-80738581,1,False,False,False,False
MI-MAINEXP-8093695,3,True,True,True,True
MI-MAINEXP-80946731,1,False,False,False,False
MI-MAINEXP-81012267,2,False,False,False,False
MI-MAINEXP-81032192,1,False,False,False,False
MI-MAINEXP-81062978,3,True,True,False,True
MI-MAINEXP-81074228,2,False,False,False,False
MI-MAINEXP-81077663,1,True,True,True,False
MI-MAINEXP-81162393,0,False,False,False,False
MI-MAINEXP-81166420,1,False,False,False,False
MI-MAINEXP-8117809,0,False,False,False,False
MI-MAINEXP-81183483,3,False,False,False,False
MI-MAINEXP-81191268,3,True,False,False,False
MI-MAINEXP-81210858,2,False,False,False,False
MI-MAINEXP-8124008,2,False,False,False,False
MI-MAINEXP-81266716,1,False,False,False,False
MI-MAINEXP-81412239,3,True,False,False,False
MI-MAINEXP-81527218,3,True,False,False,False
MI-MAINEXP-81550193,3,True,True,True,True
MI-MAINEXP-81607188,3,False,False,False,False
MI-MAINEXP-81615809,1,False,False,False,False
MI-MAINEXP-8164886,1,False,False,False,False
MI-MAINEXP-81679924,2,False,False,False,False
MI-MAINEXP-81793620,1,True,True,True,True
MI-MAINEXP-81833277,3,True,True,False,True
MI-MAINEXP-81866450,3,False,False,False,False
MI-MAINEXP-81872917,0,False,False,False,False
MI-MAINEXP-81873630,0,False,False,False,False
MI-MAINEXP-81942889,1,False,False,False,False
MI-MAINEXP-81964025,0,False,False,False,False
MI-MAINEXP-81994516,2,False,False,False,False
MI-MAINEXP-81998577,2,False,False,False,False
MI-MAINEXP-82048769,2,False,False,False,False
MI-MAINEXP-8208542,3,False,False,False,False
MI-MAINEXP-82107404,3,False,False,False,False
MI-MAINEXP-82144178,3,True,True,False,True
MI-MAINEXP-82205832,3,True,True,True,False
MI-MAINEXP-82225794,0,False,False,False,False
MI-MAINEXP-82273717,3,True,True,False,True
MI-MAINEXP-82277198,1,False,False,False,False
MI-MAINEXP-82304103,2,False,False,False,False
MI-MAINEXP-82338576,1,False,False,False,False
MI-MAINEXP-8234675,1,False,False,False,False
MI-MAINEXP-82371667,1,False,False,False,False
MI-MAINEXP-82382382,1,False,False,False,False
MI-MAINEXP-82406634,3,True,False,False,False
MI-MAINEXP-82431886,2,False,False,False,False
MI-MAINEXP-8244058,1,False,False,False,False
MI-MAINEXP-82447591,3,True,False,False,False
MI-MAINEXP-82490431,1,False,False,False,False
MI-MAINEXP-82506993,1,False,False,False,False
MI-MAINEXP-8256639,2,False,True,True,False
MI-MAINEXP-82582211,0,False,False,False,False
MI-MAINEXP-82597217,0,True,True,False,True
MI-MAINEXP-82618917,2,False,False,False,False
MI-MAINEXP-82622402,2,False,False,False,False
MI-MAINEXP-82636312,3,True,False,False,False
MI-MAINEXP-82668665,0,False,False,False,False
MI-MAINEXP-8271624,2,False,False,False,False
MI-MAINEXP-82746453,3,False,False,False,False
MI-MAINEXP-82764912,1,False,False,False,False
MI-MAINEXP-82785189,1,False,False,False,False
MI-MAINEXP-8281137,3,False,False,False,False
MI-MAINEXP-82819439,3,True,True,False,True
MI-MAINEXP-82823850,2,False,False,False,False
MI-MAINEXP-82887723,3,True,False,False,False
MI-MAINEXP-82915051,1,False,False,False,False
MI-MAINEXP-82925197,1,True,True,True,False
MI-MAINEXP-82935680,1,False,False,False,False
MI-MAINEXP-82947425,1,False,False,False,False
MI-MAINEXP-83033735,3,False,False,False,False
MI-MAINEXP-83036369,0,False,False,False,False
MI-MAINEXP-83043580,0,True,True,True,False
MI-MAINEXP-83097641,3,False,False,False,False
MI-MAINEXP-83173953,2,False,False,False,False
MI-MAINEXP-83174607,3,True,True,False,True
MI-MAINEXP-83207121,2,False,False,False,False
MI-MAINEXP-83209655,2,True,True,True,False
MI-MAINEXP-83213599,1,False,False,False,False
MI-MAINEXP-83253055,2,False,False,False,False
MI-MAINEXP-83274718,3,True,False,False,False
MI-MAINEXP-83298413,1,False,False,False,False
MI-MAINEXP-83349444,1,False,False,False,False
MI-MAINEXP-83361536,0,False,False,False,False
MI-MAINEXP-83373105,2,True,True,True,False
MI-MAINEXP-83391707,3,True,True,False,True
MI-MAINEXP-83391920,3,True,False,False,False
MI-MAINEXP-83397685,0,False,True,True,False
MI-MAINEXP-83440665,1,False,False,False,False
MI-MAINEXP-83455285,1,False,False,False,False
MI-MAINEXP-83456426,1,False,False,False,False
MI-MAINEXP-8353025,1,True,True,True,True
MI-MAINEXP-83530824,0,False,False,False,False
MI-MAINEXP-83558140,1,False,False,False,False
MI-MAINEXP-83581770,0,False,False,False,False
MI-MAINEXP-83675723,2,False,False,False,False
MI-MAINEXP-83683815,2,False,False,False,False
MI-MAINEXP-83684704,1,False,False,False,False
MI-MAINEXP-83687757,0,False,False,False,False
MI-MAINEXP-83748074,1,False,False,False,False
MI-MAINEXP-83765481,0,False,False,False,False
MI-MAINEXP-83781228,0,False,False,False,False
MI-MAINEXP-83854215,1,False,False,False,False
MI-MAINEXP-83876795,1,False,False,False,False
MI-MAINEXP-83890789,0,False,False,False,False
MI-MAINEXP-83912433,1,False,False,False,False
MI-MAINEXP-83928547,1,False,False,False,False
MI-MAINEXP-8396731,2,False,False,False,False
MI-MAINEXP-84018095,1,False,False,False,False
MI-MAINEXP-84060145,2,True,True,True,False
MI-MAINEXP-84112025,0,False,False,False,False
MI-MAINEXP-84117585,0,False,False,False,False
MI-MAINEXP-84164096,3,True,False,False,False
MI-MAINEXP-84216284,1,False,False,False,False
MI-MAINEXP-84238611,1,False,False,False,False
MI-MAINEXP-84250892,2,False,False,False,False
MI-MAINEXP-84260732,3,True,True,True,True
MI-MAINEXP-84290575,1,False,False,False,False
MI-MAINEXP-84295096,0,False,True,True,False
MI-MAINEXP-84331013,1,False,False,False,False
MI-MAINEXP-84365557,0,False,False,False,False
MI-MAINEXP-84368344,3,True,True,False,True
MI-MAINEXP-84378396,3,True,True,False,True
MI-MAINEXP-84412699,1,False,False,False,False
MI-MAINEXP-84419569,1,False,False,False,False
MI-MAINEXP-84472905,0,False,False,False,False
MI-MAINEXP-84479039,2,False,False,False,False
MI-MAINEXP-84505627,1,False,False,False,False
MI-MAINEXP-84568329,2,False,False,False,False
MI-MAINEXP-84574778,0,False,False,False,False
MI-MAINEXP-8463065,0,False,False,False,False
MI-MAINEXP-84652900,1,False,False,False,False
MI-MAINEXP-84670884,3,False,False,False,False
MI-MAINEXP-84753099,2,False,False,False,False
MI-MAINEXP-84757194,0,False,False,False,False
MI-MAINEXP-84772451,3,False,False,False,False
MI-MAINEXP-84788186,2,False,True,True,False
MI-MAINEXP-8480160,2,False,False,False,False
MI-MAINEXP-84812547,2,False,False,False,False
MI-MAINEXP-84819796,1,False,False,False,False
MI-MAINEXP-84831700,1,False,False,False,False
MI-MAINEXP-84847086,0,False,False,False,False
MI-MAINEXP-84861485,3,False,False,False,False
MI-MAINEXP-84861667,3,True,False,False,False
MI-MAINEXP-84871292,3,True,True,False,True
MI-MAINEXP-84945319,3,True,False,False,False
MI-MAINEXP-84987978,2,False,False,False,False
MI-MAINEXP-84990749,0,True,False,False,False
MI-MAINEXP-85062423,0,False,False,False,False
MI-MAINEXP-85150321,0,False,False,False,False
MI-MAINEXP-85196325,2,False,False,False,False
MI-MAINEXP-85273425,2,False,False,False,False
MI-MAINEXP-85292120,2,False,False,False,False
MI-MAINEXP-8530439,0,False,False,False,False
MI-MAINEXP-85306659,3,True,False,False,False
MI-MAINEXP-85328104,2,False,False,False,False
MI-MAINEXP-85338404,0,False,True,True,False
MI-MAINEXP-85376699,0,False,False,False,False
MI-MAINEXP-85386951,1,True,True,True,False
MI-MAINEXP-85524530,3,False,True,True,False
MI-MAINEXP-85543568,3,False,True,True,False
MI-MAINEXP-85557399,1,False,True,True,False
MI-MAINEXP-85588104,2,False,True,True,False
MI-MAINEXP-85627477,1,False,False,False,False
MI-MAINEXP-85665344,0,False,False,False,False
MI-MAINEXP-85672762,2,False,False,False,False
MI-MAINEXP-85674054,3,True,True,True,True
MI-MAINEXP-8572552,0,False,False,False,False
MI-MAINEXP-85729158,0,False,True,True,False
MI-MAINEXP-85755801,2,False,False,False,False
MI-MAINEXP-85757667,0,False,False,False,False
MI-MAINEXP-85794077,0,False,False,False,False
MI-MAINEXP-8581855,0,False,True,True,False
MI-MAINEXP-85825958,1,False,False,False,False
MI-MAINEXP-85832559,1,False,False,False,False
MI-MAINEXP-85878474,3,True,True,False,True
MI-MAINEXP-85911780,0,False,False,False,False
MI-MAINEXP-8595190,2,False,False,False,False
MI-MAINEXP-85997104,1,False,False,False,False
MI-MAINEXP-86068297,3,True,False,False,False
MI-MAINEXP-86085677,0,False,False,False,False
MI-MAINEXP-86113900,0,False,False,False,False
MI-MAINEXP-86121606,2,False,False,False,False
MI-MAINEXP-86153874,0,False,False,False,False
MI-MAINEXP-86201601,1,False,False,False,False
MI-MAINEXP-86209023,3,True,False,False,False
MI-MAINEXP-86219227,1,True,True,True,False
MI-MAINEXP-86221443,1,False,False,False,False
MI-MAINEXP-86233718,0,False,False,False,False
MI-MAINEXP-86241758,0,False,False,False,False
MI-MAINEXP-86285467,1,False,False,False,False
MI-MAINEXP-86317909,2,False,False,False,False
MI-MAINEXP-86319974,3,False,False,False,False
MI-MAINEXP-86362405,0,False,False,False,False
MI-MAINEXP-86366366,2,False,False,False,False
MI-MAINEXP-86382154,0,False,False,False,False
MI-MAINEXP-86419672,1,True,True,True,False
MI-MAINEXP-86421187,3,True,False,False,False
MI-MAINEXP-86423920,0,False,False,False,False
MI-MAINEXP-86446977,3,False,False,False,False
MI-MAINEXP-86484599,1,False,False,False,False
MI-MAINEXP-86494280,1,False,False,False,False
MI-MAINEXP-86579000,0,False,False,False,False
MI-MAINEXP-86604486,1,False,False,False,False
MI-MAINEXP-86611547,2,False,False,False,False
MI-MAINEXP-86617461,3,True,True,False,True
MI-MAINEXP-86646163,3,True,False,False,False
MI-MAINEXP-86686417,2,False,False,False,False
MI-MAINEXP-86779608,0,False,False,False,False
MI-MAINEXP-86780543,2,False,False,False,False
MI-MAINEXP-86784433,3,True,True,False,True
MI-MAINEXP-86863776,2,False,False,False,False
MI-MAINEXP-86910018,3,False,False,False,False
MI-MAINEXP-86911327,1,True,True,True,True
MI-MAINEXP-8692213,3,False,False,False,False
MI-MAINEXP-86995990,0,False,False,False,False
MI-MAINEXP-86998652,3,False,False,False,False
MI-MAINEXP-87030848,1,False,False,False,False
MI-MAINEXP-87089209,2,False,False,False,False
MI-MAINEXP-87091607,2,False,False,False,False
MI-MAINEXP-87093714,0,True,True,True,False
MI-MAINEXP-8710251,0,True,True,True,False
MI-MAINEXP-87224088,0,True,True,True,False
MI-MAINEXP-87228820,2,False,False,False,False
MI-MAINEXP-87263489,1,True,True,True,False
MI-MAINEXP-8727306,1,False,False,False,False
MI-MAINEXP-87333094,0,False,False,False,False
MI-MAINEXP-87376491,1,False,False,False,False
MI-MAINEXP-87431419,1,False,False,False,False
MI-MAINEXP-87484043,3,True,True,True,True
MI-MAINEXP-87495979,3,True,False,False,False
MI-MAINEXP-87583710,1,False,False,False,False
MI-MAINEXP-87673173,1,False,False,False,False
MI-MAINEXP-87719485,0,False,False,False,False
MI-MAINEXP-87775794,0,False,False,False,False
MI-MAINEXP-87782142,1,False,False,False,False
MI-MAINEXP-87808398,1,False,False,False,False
MI-MAINEXP-87831269,0,False,False,False,False
MI-MAINEXP-8784234,1,False,False,False,False
MI-MAINEXP-8785685,3,False,False,False,False
MI-MAINEXP-87926807,2,False,False,False,False
MI-MAINEXP-8793327,3,False,False,False,False
MI-MAINEXP-87964068,1,False,False,False,False
MI-MAINEXP-88004322,2,True,True,True,False
MI-MAINEXP-88029944,3,True,True,False,True
MI-MAINEXP-88040440,0,False,False,False,False
MI-MAINEXP-88054840,0,False,False,False,False
MI-MAINEXP-88097263,2,False,False,False,False
MI-MAINEXP-88120841,2,False,True,True,False
MI-MAINEXP-88127621,3,True,False,False,False
MI-MAINEXP-88138410,0,False,False,False,False
MI-MAINEXP-88148248,1,False,False,False,False
MI-MAINEXP-88172034,3,True,False,False,False
MI-MAINEXP-8818507,2,False,False,False,False
MI-MAINEXP-88190019,2,False,False,False,False
MI-MAINEXP-8820431,3,True,False,False,False
MI-MAINEXP-8824830,1,False,False,False,False
MI-MAINEXP-88318293,0,False,False,False,False
MI-MAINEXP-88320591,2,False,False,False,False
MI-MAINEXP-88377214,0,False,False,False,False
MI-MAINEXP-88415254,0,False,False,False,False
MI-MAINEXP-88519021,2,False,False,False,False
MI-MAINEXP-88599948,1,False,False,False,False
MI-MAINEXP-88603703,2,False,False,False,False
MI-MAINEXP-88622865,0,False,False,False,False
MI-MAINEXP-88638210,1,False,False,False,False
MI-MAINEXP-88679549,3,True,True,False,True
MI-MAINEXP-88836872,2,False,False,False,False
MI-MAINEXP-88844782,1,False,False,False,False
MI-MAINEXP-88870963,2,False,False,False,False
MI-MAINEXP-88953582,3,True,True,False,True
MI-MAINEXP-88966888,0,False,False,False,False
MI-MAINEXP-88992908,2,False,False,False,False
MI-MAINEXP-89011630,3,True,True,False,True
MI-MAINEXP-89036267,1,False,False,False,False
MI-MAINEXP-89048034,2,False,False,False,False
MI-MAINEXP-8906837,3,True,True,False,True
MI-MAINEXP-8908810,2,False,False,False,False
MI-MAINEXP-89088124,3,False,False,False,False
MI-MAINEXP-89123229,2,False,False,False,False
MI-MAINEXP-89144573,2,False,False,False,False
MI-MAINEXP-89172838,2,False,False,False,False
MI-MAINEXP-89276524,0,False,False,False,False
MI-MAINEXP-89299283,0,False,False,False,False
MI-MAINEXP-89302243,3,True,False,False,False
MI-MAINEXP-89314526,0,False,False,False,False
MI-MAINEXP-89325146,2,False,False,False,False
MI-MAINEXP-8933680,3,False,False,False,False
MI-MAINEXP-89345206,2,False,False,False,False
MI-MAINEXP-89491027,3,True,False,False,False
MI-MAINEXP-89561597,2,False,True,True,False
MI-MAINEXP-89585121,2,False,False,False,False
MI-MAINEXP-89587096,0,False,False,False,False
MI-MAINEXP-8963594,2,False,False,False,False
MI-MAINEXP-89687082,3,True,True,False,True
MI-MAINEXP-89750363,1,False,False,False,False
MI-MAINEXP-8980784,2,False,False,False,False
MI-MAINEXP-89852470,1,False,False,False,False
MI-MAINEXP-89874527,0,False,False,False,False
MI-MAINEXP-89897268,3,False,False,False,False
MI-MAINEXP-89935138,0,False,False,False,False
MI-MAINEXP-89951969,1,False,False,False,False
MI-MAINEXP-90004191,3,True,False,False,False
MI-MAINEXP-90047960,0,False,False,False,False
MI-MAINEXP-9011507,3,True,True,False,True
MI-MAINEXP-90137182,1,False,False,False,False
MI-MAINEXP-90219557,3,True,False,False,False
MI-MAINEXP-90253905,0,True,True,True,False
MI-MAINEXP-90273906,1,False,True,True,False
MI-MAINEXP-90368366,0,False,False,False,False
MI-MAINEXP-90368446,0,False,True,True,False
MI-MAINEXP-90382363,2,False,False,False,False
MI-MAINEXP-90411316,2,False,False,False,False
MI-MAINEXP-9043583,2,False,False,False,False
MI-MAINEXP-90447289,2,True,True,True,False
MI-MAINEXP-90484495,2,False,False,False,False
MI-MAINEXP-90500087,3,True,True,True,True
MI-MAINEXP-90500184,1,False,False,False,False
MI-MAINEXP-90514876,2,True,True,True,False
MI-MAINEXP-90517530,0,False,True,True,False
MI-MAINEXP-90522586,0,False,False,False,False
MI-MAINEXP-90549775,0,False,False,False,False
MI-MAINEXP-90585191,2,False,False,False,False
MI-MAINEXP-90606633,2,True,True,True,False
MI-MAINEXP-90609000,0,False,False,False,False
MI-MAINEXP-90616368,2,False,False,False,False
MI-MAINEXP-90700453,2,False,False,False,False
MI-MAINEXP-90775215,1,True,True,True,False
MI-MAINEXP-90788757,2,False,False,False,False
MI-MAINEXP-9079671,2,False,False,False,False
MI-MAINEXP-90802251,3,True,True,False,True
MI-MAINEXP-90861022,1,False,False,False,False
MI-MAINEXP-90877943,3,True,True,False,True
MI-MAINEXP-90907413,3,True,True,True,True
MI-MAINEXP-9091403,1,False,False,False,False
MI-MAINEXP-90969364,3,True,True,True,True
MI-MAINEXP-91052870,1,False,False,False,False
MI-MAINEXP-91063287,3,False,False,False,False
MI-MAINEXP-91138016,3,False,False,False,False
MI-MAINEXP-91154645,0,False,False,False,False
MI-MAINEXP-91171078,3,False,False,False,False
MI-MAINEXP-91193463,3,True,False,False,False
MI-MAINEXP-91202226,1,False,False,False,False
MI-MAINEXP-91206762,3,True,True,True,True
MI-MAINEXP-91211989,0,False,False,False,False
MI-MAINEXP-91216801,2,False,False,False,False
MI-MAINEXP-91218758,1,True,True,True,False
MI-MAINEXP-91230617,0,False,False,False,False
MI-MAINEXP-91254079,1,False,False,False,False
MI-MAINEXP-91430859,2,False,False,False,False
MI-MAINEXP-9148219,2,False,False,False,False
MI-MAINEXP-91489130,1,False,False,False,False
MI-MAINEXP-91543508,1,False,False,False,False
MI-MAINEXP-91543850,0,False,False,False,False
MI-MAINEXP-91593252,3,True,False,False,False
MI-MAINEXP-91617082,2,False,False,False,False
MI-MAINEXP-91642195,3,True,True,False,True
MI-MAINEXP-91748756,3,True,True,False,True
MI-MAINEXP-9175120,1,False,True,True,False
MI-MAINEXP-91805187,3,True,True,False,True
MI-MAINEXP-91834923,2,False,False,False,False
MI-MAINEXP-91835125,0,False,False,False,False
MI-MAINEXP-91889529,0,False,False,False,False
MI-MAINEXP-91911845,2,False,False,False,False
MI-MAINEXP-91932477,3,True,False,False,False
MI-MAINEXP-91949373,0,False,False,False,False
MI-MAINEXP-91956813,2,False,False,False,False
MI-MAINEXP-9196502,2,False,False,False,False
MI-MAINEXP-91992796,3,True,True,True,False
MI-MAINEXP-92044477,0,True,True,False,True
MI-MAINEXP-92046265,2,False,False,False,False
MI-MAINEXP-92058761,2,False,False,False,False
MI-MAINEXP-92058862,0,False,False,False,False
MI-MAINEXP-92160200,1,False,False,False,False
MI-MAINEXP-92257650,2,False,False,False,False
MI-MAINEXP-92327372,2,True,True,True,False
MI-MAINEXP-92384710,2,False,False,False,False
MI-MAINEXP-92413923,2,False,False,False,False
MI-MAINEXP-92418459,1,False,False,False,False
MI-MAINEXP-92451715,1,False,False,False,False
MI-MAINEXP-92479012,1,False,False,False,False
MI-MAINEXP-92493828,3,False,False,False,False
MI-MAINEXP-92495994,3,True,True,True,True
MI-MAINEXP-92497927,2,False,False,False,False
MI-MAINEXP-92599820,3,True,True,False,True
MI-MAINEXP-92644126,0,False,False,False,False
MI-MAINEXP-92647363,0,False,False,False,False
MI-MAINEXP-92665707,0,False,False,False,False
MI-MAINEXP-92704012,1,False,False,False,False
MI-MAINEXP-92709768,1,False,False,False,False
MI-MAINEXP-92732107,0,False,False,False,False
MI-MAINEXP-92746254,1,False,False,False,False
MI-MAINEXP-92758079,0,True,True,True,False
MI-MAINEXP-92783732,1,False,False,False,False
MI-MAINEXP-92856103,1,False,False,False,False
MI-MAINEXP-92927022,1,False,False,False,False
MI-MAINEXP-9296004,2,False,False,False,False
MI-MAINEXP-92985500,3,True,False,False,False
MI-MAINEXP-93036761,2,False,False,False,False
MI-MAINEXP-93045566,0,False,False,False,False
MI-MAINEXP-93092023,0,False,False,False,False
MI-MAINEXP-9314269,3,True,False,False,False
MI-MAINEXP-93175303,3,True,False,False,False
MI-MAINEXP-93195554,1,False,False,False,False
MI-MAINEXP-93200722,2,False,False,False,False
MI-MAINEXP-93225575,3,True,True,True,True
MI-MAINEXP-93238409,3,True,True,False,True
MI-MAINEXP-93238665,1,False,False,False,False
MI-MAINEXP-93301285,3,True,True,False,True
MI-MAINEXP-93312895,0,False,False,False,False
MI-MAINEXP-93315860,0,False,False,False,False
MI-MAINEXP-93360217,2,False,False,False,False
MI-MAINEXP-93395458,0,False,False,False,False
MI-MAINEXP-93418593,0,False,False,False,False
MI-MAINEXP-93472081,2,True,True,True,False
MI-MAINEXP-93479469,2,False,False,False,False
MI-MAINEXP-93512296,2,False,False,False,False
MI-MAINEXP-93584357,1,True,True,True,False
MI-MAINEXP-93616544,2,False,False,False,False
MI-MAINEXP-93620106,2,False,False,False,False
MI-MAINEXP-93644382,2,False,False,False,False
MI-MAINEXP-93646290,3,True,False,False,False
MI-MAINEXP-93650244,0,False,False,False,False
MI-MAINEXP-93693257,2,True,True,True,False
MI-MAINEXP-93727680,0,False,False,False,False
MI-MAINEXP-9373719,2,False,True,True,False
MI-MAINEXP-93772966,2,False,False,False,False
MI-MAINEXP-93786446,0,False,False,False,False
MI-MAINEXP-93852214,2,True,True,True,False
MI-MAINEXP-93866209,2,False,False,False,False
MI-MAINEXP-93880277,0,False,False,False,False
MI-MAINEXP-93912720,2,False,False,False,False
MI-MAINEXP-93945470,3,True,True,False,True
MI-MAINEXP-93964851,0,False,False,False,False
MI-MAINEXP-9399834,3,True,False,False,False
MI-MAINEXP-94002473,1,False,False,False,False
MI-MAINEXP-94008751,1,False,False,False,False
MI-MAINEXP-94020548,2,False,False,False,False
MI-MAINEXP-94036655,1,False,False,False,False
MI-MAINEXP-94048194,3,False,False,False,False
MI-MAINEXP-94050630,3,True,True,False,True
MI-MAINEXP-94056800,0,True,True,True,True
MI-MAINEXP-94067556,3,True,False,False,False
MI-MAINEXP-94085117,2,False,False,False,False
MI-MAINEXP-94092071,0,False,False,False,False
MI-MAINEXP-94123304,3,True,True,True,False
MI-MAINEXP-94148804,3,False,False,False,False
MI-MAINEXP-94240376,1,False,False,False,False
MI-MAINEXP-9425988,3,True,False,False,False
MI-MAINEXP-94310926,1,False,True,True,False
MI-MAINEXP-94376496,2,False,False,False,False
MI-MAINEXP-94422184,0,False,False,False,False
MI-MAINEXP-94525742,0,False,False,False,False
MI-MAINEXP-94605433,2,False,False,False,False
MI-MAINEXP-94609387,1,False,False,False,False
MI-MAINEXP-94685885,0,False,False,False,False
MI-MAINEXP-94691430,1,False,False,False,False
MI-MAINEXP-94771740,3,False,False,False,False
MI-MAINEXP-94786798,3,True,True,False,True
MI-MAINEXP-94791182,3,False,False,False,False
MI-MAINEXP-94887898,0,False,False,False,False
MI-MAINEXP-94927551,0,False,False,False,False
MI-MAINEXP-94944846,1,False,False,False,False
MI-MAINEXP-94984816,0,False,False,False,False
MI-MAINEXP-94993789,1,True,True,True,False
MI-MAINEXP-95012235,1,False,False,False,False
MI-MAINEXP-95018187,0,True,True,True,False
MI-MAINEXP-95027372,0,False,False,False,False
MI-MAINEXP-95029154,0,False,False,False,False
MI-MAINEXP-95034990,1,False,False,False,False
MI-MAINEXP-95039003,1,False,False,False,False
MI-MAINEXP-95131184,3,True,False,False,False
MI-MAINEXP-95140930,0,False,False,False,False
MI-MAINEXP-95157157,2,True,True,True,False
MI-MAINEXP-95173513,2,True,True,True,False
MI-MAINEXP-95180913,2,False,False,False,False
MI-MAINEXP-95256360,1,False,False,False,False
MI-MAINEXP-95350847,0,False,False,False,False
MI-MAINEXP-95377116,2,False,False,False,False
MI-MAINEXP-95531422,0,False,False,False,False
MI-MAINEXP-9554670,0,False,False,False,False
MI-MAINEXP-95585802,3,True,False,False,False
MI-MAINEXP-95619025,0,False,False,False,False
MI-MAINEXP-9562521,1,False,False,False,False
MI-MAINEXP-95657064,1,False,False,False,False
MI-MAINEXP-95703799,3,False,False,False,False
MI-MAINEXP-95744245,0,False,False,False,False
MI-MAINEXP-95769145,2,False,False,False,False
MI-MAINEXP-95795291,1,False,False,False,False
MI-MAINEXP-95803875,2,False,False,False,False
MI-MAINEXP-95864008,2,False,False,False,False
MI-MAINEXP-9588980,1,False,False,False,False
MI-MAINEXP-95912897,1,False,False,False,False
MI-MAINEXP-95918274,1,False,False,False,False
MI-MAINEXP-95926233,2,False,False,False,False
MI-MAINEXP-95997293,1,False,False,False,False
MI-MAINEXP-96032283,1,False,False,False,False
MI-MAINEXP-96041718,1,False,False,False,False
MI-MAINEXP-96051423,3,False,False,False,False
MI-MAINEXP-96054038,1,False,False,False,False
MI-MAINEXP-96071409,0,True,True,False,True
MI-MAINEXP-96203029,0,False,False,False,False
MI-MAINEXP-96226260,0,False,False,False,False
MI-MAINEXP-96248795,0,False,False,False,False
MI-MAINEXP-96251466,2,False,False,False,False
MI-MAINEXP-96261119,2,False,False,False,False
MI-MAINEXP-96315264,3,True,True,False,True
MI-MAINEXP-96329251,0,False,False,False,False
MI-MAINEXP-9633963,0,True,True,True,False
MI-MAINEXP-96357707,3,True,False,False,False
MI-MAINEXP-96363616,0,False,True,True,False
MI-MAINEXP-96409568,3,True,False,False,False
MI-MAINEXP-96418737,2,False,False,False,False
MI-MAINEXP-96533676,3,True,False,False,False
MI-MAINEXP-96540552,2,True,True,True,False
MI-MAINEXP-9658055,2,False,False,False,False
MI-MAINEXP-96654138,2,False,False,False,False
MI-MAINEXP-96662871,1,False,False,False,False
MI-MAINEXP-96714444,2,False,False,False,False
MI-MAINEXP-96722414,3,True,False,False,False
MI-MAINEXP-96729000,2,False,False,False,False
MI-MAINEXP-96769527,3,True,True,False,True
MI-MAINEXP-96787393,2,False,False,False,False
MI-MAINEXP-96800325,2,False,False,False,False
MI-MAINEXP-9682298,2,False,False,False,False
MI-MAINEXP-96899331,2,False,False,False,False
MI-MAINEXP-96905193,1,False,False,False,False
MI-MAINEXP-96963453,0,False,True,True,False
MI-MAINEXP-96978140,0,False,False,False,False
MI-MAINEXP-96979230,1,False,False,False,False
MI-MAINEXP-9698935,1,False,False,False,False
MI-MAINEXP-97048480,0,False,False,False,False
MI-MAINEXP-97159036,1,True,True,True,False
MI-MAINEXP-97230220,0,False,False,False,False
MI-MAINEXP-97352494,3,True,True,False,True
MI-MAINEXP-97355055,1,False,False,False,False
MI-MAINEXP-97366067,3,False,False,False,False
MI-MAINEXP-97424357,0,False,False,False,False
MI-MAINEXP-97432233,1,False,False,False,False
MI-MAINEXP-97435700,0,False,False,False,False
MI-MAINEXP-97455352,2,False,False,False,False
MI-MAINEXP-97467258,0,False,False,False,False
MI-MAINEXP-97500062,0,False,False,False,False
MI-MAINEXP-9756910,2,False,False,False,False
MI-MAINEXP-97611899,1,False,False,False,False
MI-MAINEXP-97627536,3,True,False,False,False
MI-MAINEXP-97687845,0,False,False,False,False
MI-MAINEXP-97728691,3,False,False,False,False
MI-MAINEXP-97801637,3,True,True,False,True
MI-MAINEXP-97900855,3,True,True,False,True
MI-MAINEXP-97909655,2,False,False,False,False
MI-MAINEXP-97927179,2,False,False,False,False
MI-MAINEXP-98012665,1,False,False,False,False
MI-MAINEXP-98028402,3,True,True,True,True
MI-MAINEXP-98075999,1,False,False,False,False
MI-MAINEXP-9808934,3,True,False,False,False
MI-MAINEXP-98122003,1,False,False,False,False
MI-MAINEXP-98142856,3,True,False,False,False
MI-MAINEXP-98144075,3,True,True,False,True
MI-MAINEXP-98161750,3,True,True,False,True
MI-MAINEXP-98178486,3,True,False,False,False
MI-MAINEXP-98207725,1,False,False,False,False
MI-MAINEXP-98263900,2,False,False,False,False
MI-MAINEXP-98275706,3,True,False,False,False
MI-MAINEXP-98283318,3,True,True,False,True
MI-MAINEXP-98298563,1,False,False,False,False
MI-MAINEXP-98398411,1,False,False,False,False
MI-MAINEXP-9840110,2,False,False,False,False
MI-MAINEXP-98559885,2,False,False,False,False
MI-MAINEXP-98657820,1,False,False,False,False
MI-MAINEXP-98702811,1,False,False,False,False
MI-MAINEXP-9886346,1,False,False,False,False
MI-MAINEXP-98864107,1,False,False,False,False
MI-MAINEXP-9891168,2,False,False,False,False
MI-MAINEXP-98947393,1,False,False,False,False
MI-MAINEXP-98983474,0,True,True,True,False
MI-MAINEXP-99021458,3,False,False,False,False
MI-MAINEXP-99152603,1,False,False,False,False
MI-MAINEXP-99157139,0,False,False,False,False
MI-MAINEXP-99196329,3,True,False,False,False
MI-MAINEXP-99232563,0,False,False,False,False
MI-MAINEXP-99242356,0,False,False,False,False
MI-MAINEXP-99247466,1,False,False,False,False
MI-MAINEXP-99360701,3,True,True,True,True
MI-MAINEXP-99459518,3,True,True,False,True
MI-MAINEXP-99651018,2,False,False,False,False
MI-MAINEXP-99675324,0,True,True,True,True
MI-MAINEXP-99685016,2,False,False,False,False
MI-MAINEXP-99715088,2,False,False,False,False
MI-MAINEXP-99725930,3,False,False,False,False
MI-MAINEXP-99800649,0,False,False,False,False
MI-MAINEXP-99805913,1,False,False,False,False
MI-MAINEXP-99821484,0,False,False,False,False
MI-MAINEXP-99861828,2,False,False,False,False
MI-MAINEXP-99864878,2,False,False,False,False
MI-MAINEXP-99887927,0,False,True,True,False
MI-MAINEXP-99903037,2,False,False,False,False
MI-MAINEXP-99963267,1,False,False,False,False
