session_id,miti_dimension,score,error
MI-MAINEXP-88040440,Empathy,4,0
MI-MAINEXP-41451249,Empathy,4,0
MI-MAINEXP-88054840,Cultivating Change Talk,2,0
MI-MAINEXP-91154645,Softening Sustain Talk,4,0
MI-MAINEXP-39261849,Partnership,3,0
MI-MAINEXP-91154645,Cultivating Change Talk,2,0
MI-MAINEXP-39261849,Softening Sustain Talk,4,0
MI-MAINEXP-39261849,Empathy,4,0
MI-MAINEXP-41487824,Cultivating Change Talk,2,0
MI-MAINEXP-39360483,Cultivating Change Talk,2,0
MI-MAINEXP-91154645,Partnership,4,0
MI-MAINEXP-88054840,Softening Sustain Talk,4,0
MI-MAINEXP-41487824,Softening Sustain Talk,4,0
MI-MAINEXP-91154645,Empathy,4,0
MI-MAINEXP-88054840,Partnership,4,0
MI-MAINEXP-41487824,Partnership,4,0
MI-MAINEXP-39360483,Softening Sustain Talk,4,0
MI-MAINEXP-88054840,Empathy,4,0
MI-MAINEXP-41487824,Empathy,3,0
MI-MAINEXP-39360483,Partnership,4,0
MI-MAINEXP-91211989,Cultivating Change Talk,2,0
MI-MAINEXP-88138410,Cultivating Change Talk,1,0
MI-MAINEXP-39360483,Empathy,3,0
MI-MAINEXP-91211989,Partnership,4,0
MI-MAINEXP-88138410,Softening Sustain Talk,4,0
MI-MAINEXP-91211989,Softening Sustain Talk,4,0
MI-MAINEXP-41451249,Partnership,3,0
MI-MAINEXP-39504670,Cultivating Change Talk,2,0
MI-MAINEXP-41624974,Cultivating Change Talk,2,0
MI-MAINEXP-41624974,Softening Sustain Talk,4,0
MI-MAINEXP-88138410,Partnership,4,0
MI-MAINEXP-88138410,Empathy,4,0
MI-MAINEXP-41624974,Partnership,4,0
MI-MAINEXP-91211989,Empathy,4,0
MI-MAINEXP-91230617,Cultivating Change Talk,2,0
MI-MAINEXP-39504670,Softening Sustain Talk,4,0
MI-MAINEXP-41624974,Empathy,3,0
MI-MAINEXP-39504670,Partnership,3,0
MI-MAINEXP-41627988,Cultivating Change Talk,2,0
MI-MAINEXP-88318293,Cultivating Change Talk,2,0
MI-MAINEXP-91230617,Softening Sustain Talk,4,0
MI-MAINEXP-91230617,Partnership,3,0
MI-MAINEXP-41627988,Softening Sustain Talk,4,0
MI-MAINEXP-39504670,Empathy,3,0
MI-MAINEXP-39580755,Cultivating Change Talk,2,0
MI-MAINEXP-88318293,Softening Sustain Talk,4,0
MI-MAINEXP-88318293,Partnership,4,0
MI-MAINEXP-91230617,Empathy,3,0
MI-MAINEXP-88318293,Empathy,4,0
MI-MAINEXP-41627988,Partnership,4,0
MI-MAINEXP-39580755,Softening Sustain Talk,4,0
MI-MAINEXP-9125275,Cultivating Change Talk,2,0
MI-MAINEXP-41627988,Empathy,4,0
MI-MAINEXP-39580755,Partnership,4,0
MI-MAINEXP-9125275,Softening Sustain Talk,4,0
MI-MAINEXP-39580755,Empathy,4,0
MI-MAINEXP-9125275,Partnership,3,0
MI-MAINEXP-39653582,Cultivating Change Talk,2,0
MI-MAINEXP-88377214,Softening Sustain Talk,4,0
MI-MAINEXP-41827981,Cultivating Change Talk,1,0
MI-MAINEXP-88377214,Partnership,4,0
MI-MAINEXP-41827981,Softening Sustain Talk,4,0
MI-MAINEXP-9125275,Empathy,4,0
MI-MAINEXP-88377214,Cultivating Change Talk,1,0
MI-MAINEXP-39653582,Softening Sustain Talk,4,0
MI-MAINEXP-88377214,Empathy,4,0
MI-MAINEXP-41827981,Partnership,4,0
MI-MAINEXP-41827981,Empathy,2,0
MI-MAINEXP-91543850,Cultivating Change Talk,2,0
MI-MAINEXP-39653582,Partnership,4,0
MI-MAINEXP-88415254,Cultivating Change Talk,2,0
MI-MAINEXP-39653582,Empathy,4,0
MI-MAINEXP-91543850,Softening Sustain Talk,4,0
MI-MAINEXP-4184534,Cultivating Change Talk,2,0
MI-MAINEXP-91543850,Partnership,4,0
MI-MAINEXP-39826169,Cultivating Change Talk,2,0
MI-MAINEXP-88415254,Partnership,3,0
MI-MAINEXP-88415254,Softening Sustain Talk,4,0
MI-MAINEXP-4184534,Softening Sustain Talk,4,0
MI-MAINEXP-91543850,Empathy,4,0
MI-MAINEXP-4184534,Partnership,4,0
MI-MAINEXP-88415254,Empathy,3,0
MI-MAINEXP-4184534,Empathy,4,0
MI-MAINEXP-39826169,Softening Sustain Talk,4,0
MI-MAINEXP-39826169,Partnership,3,0
MI-MAINEXP-91835125,Cultivating Change Talk,2,0
MI-MAINEXP-91835125,Softening Sustain Talk,4,0
MI-MAINEXP-39826169,Empathy,4,0
MI-MAINEXP-88622865,Cultivating Change Talk,2,0
MI-MAINEXP-91835125,Partnership,4,0
MI-MAINEXP-3986744,Cultivating Change Talk,2,0
MI-MAINEXP-41901964,Cultivating Change Talk,2,0
MI-MAINEXP-88622865,Softening Sustain Talk,4,0
MI-MAINEXP-91835125,Empathy,4,0
MI-MAINEXP-41901964,Softening Sustain Talk,4,0
MI-MAINEXP-88622865,Partnership,4,0
MI-MAINEXP-88622865,Empathy,3,0
MI-MAINEXP-41901964,Partnership,3,0
MI-MAINEXP-91889529,Cultivating Change Talk,2,0
MI-MAINEXP-3986744,Partnership,4,0
MI-MAINEXP-41901964,Empathy,4,0
MI-MAINEXP-88966888,Cultivating Change Talk,2,0
MI-MAINEXP-3986744,Empathy,3,0
MI-MAINEXP-42176903,Cultivating Change Talk,2,0
MI-MAINEXP-91889529,Softening Sustain Talk,4,0
MI-MAINEXP-91889529,Partnership,3,0
MI-MAINEXP-39953192,Cultivating Change Talk,2,0
MI-MAINEXP-88966888,Partnership,3,0
MI-MAINEXP-91889529,Empathy,3,0
MI-MAINEXP-88966888,Softening Sustain Talk,4,0
MI-MAINEXP-42176903,Softening Sustain Talk,4,0
MI-MAINEXP-42176903,Partnership,4,0
MI-MAINEXP-88966888,Empathy,4,0
MI-MAINEXP-39953192,Softening Sustain Talk,4,0
MI-MAINEXP-42176903,Empathy,4,0
MI-MAINEXP-91949373,Cultivating Change Talk,3,0
MI-MAINEXP-39953192,Partnership,4,0
MI-MAINEXP-89055274,Cultivating Change Talk,1,0
MI-MAINEXP-91949373,Softening Sustain Talk,4,0
MI-MAINEXP-39953192,Empathy,4,0
MI-MAINEXP-10056661,Cultivating Change Talk,2,0
MI-MAINEXP-91949373,Partnership,4,0
MI-MAINEXP-4256717,Cultivating Change Talk,2,0
MI-MAINEXP-89055274,Softening Sustain Talk,4,0
MI-MAINEXP-3986744,Softening Sustain Talk,4,0
MI-MAINEXP-37449196,Cultivating Change Talk,2,0
MI-MAINEXP-17125724,Softening Sustain Talk,4,0
MI-MAINEXP-60168523,Cultivating Change Talk,2,0
MI-MAINEXP-62334696,Cultivating Change Talk,2,0
MI-MAINEXP-17125724,Partnership,3,0
MI-MAINEXP-37449196,Partnership,4,0
MI-MAINEXP-62334696,Partnership,4,0
MI-MAINEXP-17125724,Empathy,3,0
MI-MAINEXP-37449196,Softening Sustain Talk,4,0
MI-MAINEXP-62334696,Softening Sustain Talk,4,0
MI-MAINEXP-17285331,Cultivating Change Talk,2,0
MI-MAINEXP-37449196,Empathy,4,0
MI-MAINEXP-37532851,Cultivating Change Talk,2,0
MI-MAINEXP-17285331,Partnership,3,0
MI-MAINEXP-62361872,Cultivating Change Talk,2,0
MI-MAINEXP-10056661,Softening Sustain Talk,4,0
MI-MAINEXP-17285331,Softening Sustain Talk,4,0
MI-MAINEXP-10056661,Partnership,4,0
MI-MAINEXP-37532851,Softening Sustain Talk,4,0
MI-MAINEXP-10056661,Empathy,4,0
MI-MAINEXP-17285331,Empathy,4,0
MI-MAINEXP-37532851,Partnership,4,0
MI-MAINEXP-62334696,Empathy,4,0
MI-MAINEXP-62361872,Partnership,4,0
MI-MAINEXP-10239555,Cultivating Change Talk,2,0
MI-MAINEXP-17784326,Cultivating Change Talk,2,0
MI-MAINEXP-37532851,Empathy,4,0
MI-MAINEXP-62361872,Softening Sustain Talk,4,0
MI-MAINEXP-62361872,Empathy,4,0
MI-MAINEXP-10239555,Softening Sustain Talk,4,0
MI-MAINEXP-62986822,Cultivating Change Talk,2,0
MI-MAINEXP-17784326,Softening Sustain Talk,4,0
MI-MAINEXP-10239555,Partnership,2,0
MI-MAINEXP-37591486,Cultivating Change Talk,2,0
MI-MAINEXP-17784326,Partnership,4,0
MI-MAINEXP-10239555,Empathy,3,0
MI-MAINEXP-17784326,Empathy,4,0
MI-MAINEXP-37591486,Softening Sustain Talk,4,0
MI-MAINEXP-37591486,Partnership,3,0
MI-MAINEXP-62986822,Softening Sustain Talk,3,0
MI-MAINEXP-17795866,Cultivating Change Talk,2,0
MI-MAINEXP-10427461,Cultivating Change Talk,2,0
MI-MAINEXP-62986822,Partnership,4,0
MI-MAINEXP-37591486,Empathy,4,0
MI-MAINEXP-62986822,Empathy,4,0
MI-MAINEXP-37616505,Cultivating Change Talk,2,0
MI-MAINEXP-17795866,Softening Sustain Talk,4,0
MI-MAINEXP-63088722,Cultivating Change Talk,2,0
MI-MAINEXP-17795866,Partnership,3,0
MI-MAINEXP-10427461,Softening Sustain Talk,4,0
MI-MAINEXP-37616505,Softening Sustain Talk,4,0
MI-MAINEXP-37616505,Partnership,4,0
MI-MAINEXP-10573054,Softening Sustain Talk,4,0
MI-MAINEXP-17795866,Empathy,3,0
MI-MAINEXP-10427461,Partnership,4,0
MI-MAINEXP-10427461,Empathy,4,0
MI-MAINEXP-63088722,Partnership,4,0
MI-MAINEXP-63088722,Softening Sustain Talk,4,0
MI-MAINEXP-17808329,Cultivating Change Talk,2,0
MI-MAINEXP-37616505,Empathy,4,0
MI-MAINEXP-63088722,Empathy,4,0
MI-MAINEXP-10458675,Cultivating Change Talk,2,0
MI-MAINEXP-17808329,Softening Sustain Talk,4,0
MI-MAINEXP-3762036,Cultivating Change Talk,2,0
MI-MAINEXP-10458675,Softening Sustain Talk,4,0
MI-MAINEXP-63437932,Cultivating Change Talk,2,0
MI-MAINEXP-17808329,Partnership,3,0
MI-MAINEXP-63437932,Softening Sustain Talk,4,0
MI-MAINEXP-3762036,Softening Sustain Talk,4,0
MI-MAINEXP-17808329,Empathy,4,0
MI-MAINEXP-10458675,Empathy,4,0
MI-MAINEXP-17850780,Cultivating Change Talk,2,0
MI-MAINEXP-10458675,Partnership,4,0
MI-MAINEXP-63437932,Partnership,3,0
MI-MAINEXP-3762036,Empathy,3,0
MI-MAINEXP-63437932,Empathy,3,0
MI-MAINEXP-17850780,Softening Sustain Talk,4,0
MI-MAINEXP-3762036,Partnership,4,0
MI-MAINEXP-10573054,Partnership,4,0
MI-MAINEXP-10573054,Cultivating Change Talk,2,0
MI-MAINEXP-37672026,Cultivating Change Talk,2,0
MI-MAINEXP-63476507,Cultivating Change Talk,2,0
MI-MAINEXP-17850780,Partnership,4,0
MI-MAINEXP-37672026,Softening Sustain Talk,4,0
MI-MAINEXP-10573054,Empathy,4,0
MI-MAINEXP-17850780,Empathy,4,0
MI-MAINEXP-63476507,Partnership,4,0
MI-MAINEXP-63476507,Softening Sustain Talk,4,0
MI-MAINEXP-37672026,Partnership,4,0
MI-MAINEXP-10712170,Cultivating Change Talk,2,0
MI-MAINEXP-37672026,Empathy,4,0
MI-MAINEXP-18081274,Cultivating Change Talk,2,0
MI-MAINEXP-63476507,Empathy,3,0
MI-MAINEXP-63799291,Cultivating Change Talk,2,0
MI-MAINEXP-10712170,Softening Sustain Talk,4,0
MI-MAINEXP-18081274,Partnership,4,0
MI-MAINEXP-37794623,Cultivating Change Talk,2,0
MI-MAINEXP-18081274,Softening Sustain Talk,4,0
MI-MAINEXP-10712170,Partnership,4,0
MI-MAINEXP-10712170,Empathy,4,0
MI-MAINEXP-63799291,Softening Sustain Talk,4,0
MI-MAINEXP-37794623,Softening Sustain Talk,4,0
MI-MAINEXP-18081274,Empathy,3,0
MI-MAINEXP-37794623,Partnership,3,0
MI-MAINEXP-63799291,Partnership,4,0
MI-MAINEXP-18086633,Cultivating Change Talk,2,0
MI-MAINEXP-37794623,Empathy,4,0
MI-MAINEXP-63799291,Empathy,3,0
MI-MAINEXP-10788583,Cultivating Change Talk,1,0
MI-MAINEXP-10788583,Softening Sustain Talk,3,0
MI-MAINEXP-37808095,Cultivating Change Talk,1,0
MI-MAINEXP-10788583,Partnership,3,0
MI-MAINEXP-63832372,Cultivating Change Talk,2,0
MI-MAINEXP-18086633,Partnership,3,0
MI-MAINEXP-18086633,Softening Sustain Talk,4,0
MI-MAINEXP-37808095,Softening Sustain Talk,4,0
MI-MAINEXP-63832372,Softening Sustain Talk,4,0
MI-MAINEXP-10788583,Empathy,3,0
MI-MAINEXP-63832372,Partnership,4,0
MI-MAINEXP-18086633,Empathy,4,0
MI-MAINEXP-37808095,Partnership,4,0
MI-MAINEXP-85757667,Partnership,2,0
MI-MAINEXP-55819434,Softening Sustain Talk,4,0
MI-MAINEXP-85757667,Empathy,4,0
MI-MAINEXP-55819434,Empathy,4,0
MI-MAINEXP-55819434,Partnership,4,0
MI-MAINEXP-56136385,Cultivating Change Talk,2,0
MI-MAINEXP-85794077,Cultivating Change Talk,2,0
MI-MAINEXP-85794077,Partnership,4,0
MI-MAINEXP-56136385,Partnership,3,0
MI-MAINEXP-56136385,Softening Sustain Talk,4,0
MI-MAINEXP-85794077,Softening Sustain Talk,4,0
MI-MAINEXP-85794077,Empathy,4,0
MI-MAINEXP-56136385,Empathy,4,0
MI-MAINEXP-56172585,Cultivating Change Talk,2,0
MI-MAINEXP-8581855,Cultivating Change Talk,2,0
MI-MAINEXP-56172585,Softening Sustain Talk,4,0
MI-MAINEXP-56172585,Partnership,4,0
MI-MAINEXP-8581855,Partnership,4,0
MI-MAINEXP-8581855,Empathy,4,0
MI-MAINEXP-8581855,Softening Sustain Talk,4,0
MI-MAINEXP-56172585,Empathy,4,0
MI-MAINEXP-85911780,Cultivating Change Talk,2,0
MI-MAINEXP-56283293,Cultivating Change Talk,2,0
MI-MAINEXP-85911780,Partnership,3,0
MI-MAINEXP-85911780,Softening Sustain Talk,4,0
MI-MAINEXP-85911780,Empathy,4,0
MI-MAINEXP-56283293,Partnership,4,0
MI-MAINEXP-56283293,Softening Sustain Talk,4,0
MI-MAINEXP-56283293,Empathy,4,0
MI-MAINEXP-86085677,Cultivating Change Talk,2,0
MI-MAINEXP-56368958,Cultivating Change Talk,2,0
MI-MAINEXP-86085677,Partnership,4,0
MI-MAINEXP-56368958,Empathy,4,0
MI-MAINEXP-56368958,Partnership,4,0
MI-MAINEXP-86085677,Softening Sustain Talk,4,0
MI-MAINEXP-86085677,Empathy,4,0
MI-MAINEXP-56368958,Softening Sustain Talk,4,0
MI-MAINEXP-86113900,Cultivating Change Talk,2,0
MI-MAINEXP-56658284,Cultivating Change Talk,2,0
MI-MAINEXP-86113900,Partnership,4,0
MI-MAINEXP-56658284,Empathy,4,0
MI-MAINEXP-86113900,Empathy,4,0
MI-MAINEXP-56658284,Partnership,3,0
MI-MAINEXP-56658284,Softening Sustain Talk,3,0
MI-MAINEXP-86113900,Softening Sustain Talk,3,0
MI-MAINEXP-56935924,Cultivating Change Talk,2,0
MI-MAINEXP-86153874,Cultivating Change Talk,2,0
MI-MAINEXP-86153874,Partnership,3,0
MI-MAINEXP-56935924,Partnership,2,0
MI-MAINEXP-56935924,Softening Sustain Talk,4,0
MI-MAINEXP-86153874,Empathy,4,0
MI-MAINEXP-56935924,Empathy,4,0
MI-MAINEXP-86233718,Cultivating Change Talk,2,0
MI-MAINEXP-57105892,Cultivating Change Talk,2,0
MI-MAINEXP-86233718,Partnership,4,0
MI-MAINEXP-86233718,Empathy,3,0
MI-MAINEXP-57105892,Softening Sustain Talk,4,0
MI-MAINEXP-86233718,Softening Sustain Talk,4,0
MI-MAINEXP-57105892,Empathy,4,0
MI-MAINEXP-57105892,Partnership,4,0
MI-MAINEXP-86241758,Cultivating Change Talk,1,0
MI-MAINEXP-33135219,Partnership,4,0
MI-MAINEXP-3460019,Empathy,4,0
MI-MAINEXP-86153874,Softening Sustain Talk,4,0
MI-MAINEXP-59301000,Partnership,4,0
MI-MAINEXP-14643736,Cultivating Change Talk,1,0
MI-MAINEXP-34602935,Cultivating Change Talk,2,0
MI-MAINEXP-14643736,Softening Sustain Talk,4,0
MI-MAINEXP-33135219,Empathy,4,0
MI-MAINEXP-59301000,Empathy,3,0
MI-MAINEXP-14643736,Partnership,4,0
MI-MAINEXP-33258416,Cultivating Change Talk,2,0
MI-MAINEXP-34602935,Softening Sustain Talk,4,0
MI-MAINEXP-14643736,Empathy,4,0
MI-MAINEXP-59333727,Cultivating Change Talk,2,0
MI-MAINEXP-33258416,Softening Sustain Talk,4,0
MI-MAINEXP-14697155,Cultivating Change Talk,1,0
MI-MAINEXP-34602935,Partnership,4,0
MI-MAINEXP-33258416,Partnership,4,0
MI-MAINEXP-59333727,Partnership,3,0
MI-MAINEXP-34602935,Empathy,4,0
MI-MAINEXP-33258416,Empathy,4,0
MI-MAINEXP-59333727,Empathy,4,0
MI-MAINEXP-34657695,Cultivating Change Talk,2,0
MI-MAINEXP-14697155,Partnership,2,0
MI-MAINEXP-14697155,Softening Sustain Talk,4,0
MI-MAINEXP-33260864,Cultivating Change Talk,2,0
MI-MAINEXP-34657695,Softening Sustain Talk,4,0
MI-MAINEXP-14697155,Empathy,4,0
MI-MAINEXP-59369349,Cultivating Change Talk,1,0
MI-MAINEXP-34657695,Partnership,4,0
MI-MAINEXP-14750235,Cultivating Change Talk,2,0
MI-MAINEXP-59369349,Softening Sustain Talk,4,0
MI-MAINEXP-33260864,Softening Sustain Talk,4,0
MI-MAINEXP-34657695,Empathy,4,0
MI-MAINEXP-59369349,Partnership,4,0
MI-MAINEXP-33260864,Partnership,3,0
MI-MAINEXP-33260864,Empathy,4,0
MI-MAINEXP-14750235,Softening Sustain Talk,4,0
MI-MAINEXP-33322111,Cultivating Change Talk,2,0
MI-MAINEXP-59369349,Empathy,4,0
MI-MAINEXP-14750235,Partnership,4,0
MI-MAINEXP-34796460,Cultivating Change Talk,2,0
MI-MAINEXP-14750235,Empathy,4,0
MI-MAINEXP-34796460,Softening Sustain Talk,4,0
MI-MAINEXP-59333727,Softening Sustain Talk,4,0
MI-MAINEXP-34796460,Partnership,4,0
MI-MAINEXP-59798525,Cultivating Change Talk,2,0
MI-MAINEXP-33322111,Softening Sustain Talk,4,0
MI-MAINEXP-34796460,Empathy,4,0
MI-MAINEXP-59798525,Softening Sustain Talk,4,0
MI-MAINEXP-33322111,Empathy,4,0
MI-MAINEXP-59798525,Partnership,4,0
MI-MAINEXP-33322111,Partnership,4,0
MI-MAINEXP-14915732,Cultivating Change Talk,2,0
MI-MAINEXP-14915732,Softening Sustain Talk,4,0
MI-MAINEXP-34823490,Cultivating Change Talk,2,0
MI-MAINEXP-59798525,Empathy,4,0
MI-MAINEXP-14915732,Partnership,4,0
MI-MAINEXP-33329693,Cultivating Change Talk,2,0
MI-MAINEXP-60034077,Cultivating Change Talk,2,0
MI-MAINEXP-14915732,Empathy,4,0
MI-MAINEXP-34823490,Partnership,4,0
MI-MAINEXP-15014386,Cultivating Change Talk,1,0
MI-MAINEXP-33329693,Softening Sustain Talk,4,0
MI-MAINEXP-34823490,Empathy,4,0
MI-MAINEXP-33329693,Partnership,4,0
MI-MAINEXP-60034077,Partnership,4,0
MI-MAINEXP-34823490,Softening Sustain Talk,4,0
MI-MAINEXP-33329693,Empathy,4,0
MI-MAINEXP-60034077,Empathy,4,0
MI-MAINEXP-15014386,Softening Sustain Talk,4,0
MI-MAINEXP-35064950,Cultivating Change Talk,2,0
MI-MAINEXP-15014386,Partnership,4,0
MI-MAINEXP-60034077,Softening Sustain Talk,4,0
MI-MAINEXP-33475218,Cultivating Change Talk,2,0
MI-MAINEXP-60089602,Cultivating Change Talk,2,0
MI-MAINEXP-15014386,Empathy,3,0
MI-MAINEXP-35064950,Softening Sustain Talk,4,0
MI-MAINEXP-35064950,Partnership,4,0
MI-MAINEXP-33475218,Softening Sustain Talk,4,0
MI-MAINEXP-60089602,Softening Sustain Talk,4,0
MI-MAINEXP-15060880,Cultivating Change Talk,2,0
MI-MAINEXP-35064950,Empathy,4,0
MI-MAINEXP-33475218,Partnership,4,0
MI-MAINEXP-33475218,Empathy,4,0
MI-MAINEXP-60089602,Partnership,4,0
MI-MAINEXP-35286029,Cultivating Change Talk,2,0
MI-MAINEXP-15060880,Softening Sustain Talk,4,0
MI-MAINEXP-60089602,Empathy,4,0
MI-MAINEXP-33580893,Cultivating Change Talk,2,0
MI-MAINEXP-35286029,Softening Sustain Talk,4,0
MI-MAINEXP-15060880,Empathy,4,0
MI-MAINEXP-60113850,Cultivating Change Talk,1,0
MI-MAINEXP-35286029,Partnership,4,0
MI-MAINEXP-15060880,Partnership,4,0
MI-MAINEXP-33580893,Softening Sustain Talk,4,0
MI-MAINEXP-35286029,Empathy,3,0
MI-MAINEXP-33580893,Partnership,4,0
MI-MAINEXP-15232275,Cultivating Change Talk,2,0
MI-MAINEXP-60113850,Softening Sustain Talk,4,0
MI-MAINEXP-33580893,Empathy,4,0
MI-MAINEXP-60113850,Empathy,4,0
MI-MAINEXP-15232275,Softening Sustain Talk,4,0
MI-MAINEXP-60113850,Partnership,4,0
MI-MAINEXP-3530150,Cultivating Change Talk,2,0
MI-MAINEXP-15232275,Partnership,3,0
MI-MAINEXP-33586904,Cultivating Change Talk,2,0
MI-MAINEXP-3530150,Softening Sustain Talk,4,0
MI-MAINEXP-15232275,Empathy,4,0
MI-MAINEXP-60129133,Cultivating Change Talk,2,0
MI-MAINEXP-15257201,Cultivating Change Talk,1,0
MI-MAINEXP-3530150,Empathy,3,0
MI-MAINEXP-33586904,Partnership,4,0
MI-MAINEXP-33586904,Softening Sustain Talk,3,0
MI-MAINEXP-60129133,Softening Sustain Talk,4,0
MI-MAINEXP-60129133,Partnership,4,0
MI-MAINEXP-15257201,Softening Sustain Talk,4,0
MI-MAINEXP-3530150,Partnership,4,0
MI-MAINEXP-33586904,Empathy,4,0
MI-MAINEXP-35437575,Cultivating Change Talk,2,0
MI-MAINEXP-60129133,Empathy,3,0
MI-MAINEXP-52441096,Cultivating Change Talk,2,0
MI-MAINEXP-33682304,Cultivating Change Talk,2,0
MI-MAINEXP-30865944,Partnership,4,0
MI-MAINEXP-7998616,Cultivating Change Talk,2,0
MI-MAINEXP-35437575,Softening Sustain Talk,4,0
MI-MAINEXP-60168523,Softening Sustain Talk,4,0
MI-MAINEXP-30865944,Softening Sustain Talk,4,0
MI-MAINEXP-30865944,Empathy,3,0
MI-MAINEXP-7998616,Softening Sustain Talk,4,0
MI-MAINEXP-15257201,Partnership,4,0
MI-MAINEXP-52441096,Empathy,4,0
MI-MAINEXP-52441096,Partnership,3,0
MI-MAINEXP-52441096,Softening Sustain Talk,4,0
MI-MAINEXP-30880455,Cultivating Change Talk,2,0
MI-MAINEXP-7998616,Partnership,4,0
MI-MAINEXP-7998616,Empathy,4,0
MI-MAINEXP-30880455,Partnership,4,0
MI-MAINEXP-80029285,Cultivating Change Talk,2,0
MI-MAINEXP-30880455,Softening Sustain Talk,4,0
MI-MAINEXP-52468303,Cultivating Change Talk,2,0
MI-MAINEXP-30880455,Empathy,3,0
MI-MAINEXP-80029285,Softening Sustain Talk,4,0
MI-MAINEXP-52468303,Partnership,4,0
MI-MAINEXP-52468303,Softening Sustain Talk,4,0
MI-MAINEXP-31036736,Cultivating Change Talk,2,0
MI-MAINEXP-80029285,Empathy,4,0
MI-MAINEXP-52468303,Empathy,4,0
MI-MAINEXP-5250420,Cultivating Change Talk,2,0
MI-MAINEXP-31036736,Softening Sustain Talk,5,0
MI-MAINEXP-8018482,Cultivating Change Talk,1,0
MI-MAINEXP-80029285,Partnership,4,0
MI-MAINEXP-31036736,Partnership,2,0
MI-MAINEXP-5250420,Softening Sustain Talk,4,0
MI-MAINEXP-31036736,Empathy,4,0
MI-MAINEXP-8018482,Softening Sustain Talk,4,0
MI-MAINEXP-5250420,Partnership,4,0
MI-MAINEXP-5250420,Empathy,4,0
MI-MAINEXP-8018482,Partnership,3,0
MI-MAINEXP-31055727,Cultivating Change Talk,2,0
MI-MAINEXP-8018482,Empathy,3,0
MI-MAINEXP-52550900,Cultivating Change Talk,2,0
MI-MAINEXP-31055727,Softening Sustain Talk,3,0
MI-MAINEXP-8025347,Cultivating Change Talk,2,0
MI-MAINEXP-31055727,Empathy,4,0
MI-MAINEXP-52550900,Softening Sustain Talk,4,0
MI-MAINEXP-8025347,Softening Sustain Talk,4,0
MI-MAINEXP-31055727,Partnership,4,0
MI-MAINEXP-52550900,Partnership,4,0
MI-MAINEXP-52550900,Empathy,4,0
MI-MAINEXP-8025347,Empathy,4,0
MI-MAINEXP-8025347,Partnership,4,0
MI-MAINEXP-31218985,Cultivating Change Talk,1,0
MI-MAINEXP-80392135,Cultivating Change Talk,1,0
MI-MAINEXP-52726110,Cultivating Change Talk,2,0
MI-MAINEXP-31218985,Softening Sustain Talk,4,0
MI-MAINEXP-31218985,Empathy,4,0
MI-MAINEXP-31218985,Partnership,4,0
MI-MAINEXP-52726110,Softening Sustain Talk,4,0
MI-MAINEXP-52726110,Empathy,4,0
MI-MAINEXP-52726110,Partnership,3,0
MI-MAINEXP-31281772,Cultivating Change Talk,1,0
MI-MAINEXP-80392135,Partnership,4,0
MI-MAINEXP-80392135,Empathy,4,0
MI-MAINEXP-80392135,Softening Sustain Talk,4,0
MI-MAINEXP-52810021,Cultivating Change Talk,2,0
MI-MAINEXP-31281772,Softening Sustain Talk,4,0
MI-MAINEXP-31281772,Empathy,4,0
MI-MAINEXP-31281772,Partnership,3,0
MI-MAINEXP-52810021,Softening Sustain Talk,4,0
MI-MAINEXP-80619463,Cultivating Change Talk,2,0
MI-MAINEXP-52810021,Partnership,3,0
MI-MAINEXP-80619463,Partnership,3,0
MI-MAINEXP-31293213,Cultivating Change Talk,2,0
MI-MAINEXP-80619463,Softening Sustain Talk,4,0
MI-MAINEXP-52810021,Empathy,4,0
MI-MAINEXP-80619463,Empathy,3,0
MI-MAINEXP-52829143,Cultivating Change Talk,2,0
MI-MAINEXP-31293213,Softening Sustain Talk,4,0
MI-MAINEXP-8067706,Cultivating Change Talk,2,0
MI-MAINEXP-31293213,Partnership,4,0
MI-MAINEXP-31293213,Empathy,4,0
MI-MAINEXP-8067706,Softening Sustain Talk,4,0
MI-MAINEXP-52829143,Softening Sustain Talk,4,0
MI-MAINEXP-52829143,Partnership,3,0
MI-MAINEXP-31418561,Cultivating Change Talk,2,0
MI-MAINEXP-8067706,Partnership,3,0
MI-MAINEXP-8067706,Empathy,3,0
MI-MAINEXP-52829143,Empathy,4,0
MI-MAINEXP-52952809,Cultivating Change Talk,2,0
MI-MAINEXP-31418561,Partnership,3,0
MI-MAINEXP-81162393,Cultivating Change Talk,2,0
MI-MAINEXP-31418561,Softening Sustain Talk,3,0
MI-MAINEXP-31418561,Empathy,4,0
MI-MAINEXP-81162393,Softening Sustain Talk,4,0
MI-MAINEXP-11765489,Empathy,4,0
MI-MAINEXP-81162393,Partnership,3,0
MI-MAINEXP-52952809,Softening Sustain Talk,4,0
MI-MAINEXP-11799545,Cultivating Change Talk,1,0
MI-MAINEXP-52952809,Partnership,4,0
MI-MAINEXP-83687757,Partnership,4,0
MI-MAINEXP-83687757,Softening Sustain Talk,4,0
MI-MAINEXP-83687757,Empathy,4,0
MI-MAINEXP-11799545,Partnership,4,0
MI-MAINEXP-83765481,Cultivating Change Talk,2,0
MI-MAINEXP-11799545,Empathy,4,0
MI-MAINEXP-83765481,Partnership,4,0
MI-MAINEXP-11799545,Softening Sustain Talk,4,0
MI-MAINEXP-11912175,Cultivating Change Talk,2,0
MI-MAINEXP-83765481,Softening Sustain Talk,4,0
MI-MAINEXP-83765481,Empathy,4,0
MI-MAINEXP-11912175,Softening Sustain Talk,4,0
MI-MAINEXP-11912175,Partnership,4,0
MI-MAINEXP-11912175,Empathy,4,0
MI-MAINEXP-83781228,Softening Sustain Talk,4,0
MI-MAINEXP-11921398,Cultivating Change Talk,1,0
MI-MAINEXP-11921398,Partnership,3,0
MI-MAINEXP-83781228,Partnership,4,0
MI-MAINEXP-11921398,Softening Sustain Talk,4,0
MI-MAINEXP-83890789,Cultivating Change Talk,2,0
MI-MAINEXP-11921398,Empathy,4,0
MI-MAINEXP-83781228,Empathy,3,0
MI-MAINEXP-11954694,Cultivating Change Talk,2,0
MI-MAINEXP-83890789,Partnership,4,0
MI-MAINEXP-83890789,Empathy,3,0
MI-MAINEXP-83781228,Cultivating Change Talk,2,0
MI-MAINEXP-83890789,Softening Sustain Talk,4,0
MI-MAINEXP-11954694,Softening Sustain Talk,4,0
MI-MAINEXP-84112025,Cultivating Change Talk,1,0
MI-MAINEXP-11954694,Empathy,4,0
MI-MAINEXP-11954694,Partnership,3,0
MI-MAINEXP-11965241,Cultivating Change Talk,2,0
MI-MAINEXP-84112025,Partnership,2,0
MI-MAINEXP-84112025,Softening Sustain Talk,5,0
MI-MAINEXP-84112025,Empathy,3,0
MI-MAINEXP-11965241,Empathy,4,0
MI-MAINEXP-11965241,Partnership,4,0
MI-MAINEXP-11965241,Softening Sustain Talk,4,0
MI-MAINEXP-84117585,Cultivating Change Talk,1,0
MI-MAINEXP-84117585,Empathy,4,0
MI-MAINEXP-84117585,Partnership,4,0
MI-MAINEXP-84295096,Cultivating Change Talk,2,0
MI-MAINEXP-1212231,Cultivating Change Talk,2,0
MI-MAINEXP-1212231,Empathy,4,0
MI-MAINEXP-1212231,Softening Sustain Talk,4,0
MI-MAINEXP-84117585,Softening Sustain Talk,4,0
MI-MAINEXP-1221320,Cultivating Change Talk,2,0
MI-MAINEXP-84295096,Empathy,4,0
MI-MAINEXP-84295096,Softening Sustain Talk,4,0
MI-MAINEXP-1221320,Softening Sustain Talk,4,0
MI-MAINEXP-84365557,Cultivating Change Talk,2,0
MI-MAINEXP-1221320,Partnership,3,0
MI-MAINEXP-1221320,Empathy,4,0
MI-MAINEXP-12244452,Cultivating Change Talk,2,0
MI-MAINEXP-84365557,Softening Sustain Talk,4,0
MI-MAINEXP-84365557,Empathy,3,0
MI-MAINEXP-84365557,Partnership,3,0
MI-MAINEXP-12244452,Softening Sustain Talk,4,0
MI-MAINEXP-76371121,Empathy,4,0
MI-MAINEXP-84295096,Partnership,4,0
MI-MAINEXP-76561478,Empathy,4,0
MI-MAINEXP-76561478,Softening Sustain Talk,4,0
MI-MAINEXP-76561478,Partnership,4,0
MI-MAINEXP-76561478,Cultivating Change Talk,2,0
MI-MAINEXP-76607480,Cultivating Change Talk,2,0
MI-MAINEXP-76607480,Partnership,4,0
MI-MAINEXP-76894371,Cultivating Change Talk,2,0
MI-MAINEXP-1212231,Partnership,4,0
MI-MAINEXP-76894371,Partnership,4,0
MI-MAINEXP-76607480,Empathy,3,0
MI-MAINEXP-76894371,Empathy,4,0
MI-MAINEXP-76992702,Cultivating Change Talk,2,0
MI-MAINEXP-76992702,Empathy,4,0
MI-MAINEXP-76992702,Partnership,4,0
MI-MAINEXP-76894371,Softening Sustain Talk,4,0
MI-MAINEXP-76992702,Softening Sustain Talk,4,0
MI-MAINEXP-77057131,Cultivating Change Talk,2,0
MI-MAINEXP-77057131,Softening Sustain Talk,4,0
MI-MAINEXP-77057131,Partnership,4,0
MI-MAINEXP-77057131,Empathy,4,0
MI-MAINEXP-77188042,Empathy,4,0
MI-MAINEXP-77188042,Softening Sustain Talk,4,0
MI-MAINEXP-77188042,Partnership,3,0
MI-MAINEXP-77188093,Cultivating Change Talk,2,0
MI-MAINEXP-77188093,Empathy,4,0
MI-MAINEXP-77188093,Partnership,4,0
MI-MAINEXP-2542158,Empathy,3,0
MI-MAINEXP-77188093,Softening Sustain Talk,5,0
MI-MAINEXP-7723050,Cultivating Change Talk,2,0
MI-MAINEXP-46167855,Partnership,3,0
MI-MAINEXP-7723050,Softening Sustain Talk,4,0
MI-MAINEXP-76607480,Softening Sustain Talk,4,0
MI-MAINEXP-48930806,Empathy,4,0
MI-MAINEXP-73278561,Partnership,4,0
MI-MAINEXP-97365423,Partnership,4,0
MI-MAINEXP-97365423,Softening Sustain Talk,4,0
MI-MAINEXP-46167855,Empathy,4,0
MI-MAINEXP-73278561,Empathy,4,0
MI-MAINEXP-25536630,Cultivating Change Talk,2,0
MI-MAINEXP-49277721,Cultivating Change Talk,2,0
MI-MAINEXP-73511617,Cultivating Change Talk,2,0
MI-MAINEXP-25536630,Partnership,4,0
MI-MAINEXP-49277721,Softening Sustain Talk,4,0
MI-MAINEXP-46265637,Cultivating Change Talk,2,0
MI-MAINEXP-25536630,Softening Sustain Talk,4,0
MI-MAINEXP-77188042,Cultivating Change Talk,2,0
MI-MAINEXP-97365423,Empathy,4,0
MI-MAINEXP-46265637,Softening Sustain Talk,4,0
MI-MAINEXP-97424357,Cultivating Change Talk,2,0
MI-MAINEXP-25536630,Empathy,4,0
MI-MAINEXP-46265637,Partnership,4,0
MI-MAINEXP-49277721,Partnership,4,0
MI-MAINEXP-73511617,Softening Sustain Talk,4,0
MI-MAINEXP-49277721,Empathy,4,0
MI-MAINEXP-73511617,Partnership,4,0
MI-MAINEXP-46265637,Empathy,4,0
MI-MAINEXP-97424357,Softening Sustain Talk,4,0
MI-MAINEXP-25595846,Cultivating Change Talk,1,0
MI-MAINEXP-97424357,Partnership,4,0
MI-MAINEXP-49324469,Cultivating Change Talk,2,0
MI-MAINEXP-25595846,Softening Sustain Talk,4,0
MI-MAINEXP-4643808,Cultivating Change Talk,3,0
MI-MAINEXP-73523105,Cultivating Change Talk,2,0
MI-MAINEXP-73511617,Empathy,4,0
MI-MAINEXP-49324469,Softening Sustain Talk,4,0
MI-MAINEXP-97424357,Empathy,3,0
MI-MAINEXP-49324469,Partnership,3,0
MI-MAINEXP-25595846,Partnership,4,0
MI-MAINEXP-25595846,Empathy,3,0
MI-MAINEXP-97435700,Cultivating Change Talk,2,0
MI-MAINEXP-4643808,Softening Sustain Talk,4,0
MI-MAINEXP-73523105,Softening Sustain Talk,4,0
MI-MAINEXP-49324469,Empathy,4,0
MI-MAINEXP-73523105,Partnership,4,0
MI-MAINEXP-73523105,Empathy,4,0
MI-MAINEXP-49364178,Cultivating Change Talk,2,0
MI-MAINEXP-4643808,Partnership,3,0
MI-MAINEXP-4643808,Empathy,4,0
MI-MAINEXP-25740066,Cultivating Change Talk,2,0
MI-MAINEXP-97435700,Partnership,4,0
MI-MAINEXP-97435700,Softening Sustain Talk,4,0
MI-MAINEXP-25740066,Softening Sustain Talk,4,0
MI-MAINEXP-97435700,Empathy,4,0
MI-MAINEXP-46539493,Cultivating Change Talk,2,0
MI-MAINEXP-73591439,Cultivating Change Talk,2,0
MI-MAINEXP-25740066,Partnership,4,0
MI-MAINEXP-49364178,Softening Sustain Talk,4,0
MI-MAINEXP-49364178,Partnership,4,0
MI-MAINEXP-46539493,Softening Sustain Talk,4,0
MI-MAINEXP-97467258,Cultivating Change Talk,2,0
MI-MAINEXP-25740066,Empathy,4,0
MI-MAINEXP-46539493,Partnership,4,0
MI-MAINEXP-49364178,Empathy,3,0
MI-MAINEXP-73591439,Partnership,4,0
MI-MAINEXP-73591439,Softening Sustain Talk,4,0
MI-MAINEXP-25773518,Cultivating Change Talk,2,0
MI-MAINEXP-49557382,Cultivating Change Talk,2,0
MI-MAINEXP-97467258,Softening Sustain Talk,4,0
MI-MAINEXP-46539493,Empathy,4,0
MI-MAINEXP-97467258,Partnership,3,0
MI-MAINEXP-73591439,Empathy,4,0
MI-MAINEXP-25773518,Softening Sustain Talk,4,0
MI-MAINEXP-4655503,Cultivating Change Talk,2,0
MI-MAINEXP-73662730,Cultivating Change Talk,2,0
MI-MAINEXP-25773518,Partnership,4,0
MI-MAINEXP-49557382,Softening Sustain Talk,4,0
MI-MAINEXP-97467258,Empathy,4,0
MI-MAINEXP-49557382,Partnership,3,0
MI-MAINEXP-73662730,Softening Sustain Talk,4,0
MI-MAINEXP-4655503,Softening Sustain Talk,4,0
MI-MAINEXP-97500062,Cultivating Change Talk,2,0
MI-MAINEXP-25773518,Empathy,4,0
MI-MAINEXP-49557382,Empathy,3,0
MI-MAINEXP-4655503,Partnership,3,0
MI-MAINEXP-73662730,Partnership,4,0
MI-MAINEXP-25838992,Cultivating Change Talk,2,0
MI-MAINEXP-4655503,Empathy,3,0
MI-MAINEXP-73662730,Empathy,4,0
MI-MAINEXP-49627631,Cultivating Change Talk,2,0
MI-MAINEXP-97500062,Partnership,3,0
MI-MAINEXP-97500062,Softening Sustain Talk,4,0
MI-MAINEXP-25838992,Softening Sustain Talk,4,0
MI-MAINEXP-4656221,Cultivating Change Talk,4,0
MI-MAINEXP-25838992,Partnership,4,0
MI-MAINEXP-73752017,Cultivating Change Talk,2,0
MI-MAINEXP-97500062,Empathy,4,0
MI-MAINEXP-49627631,Partnership,4,0
MI-MAINEXP-97687845,Cultivating Change Talk,1,0
MI-MAINEXP-49627631,Softening Sustain Talk,4,0
MI-MAINEXP-4656221,Softening Sustain Talk,4,0
MI-MAINEXP-25838992,Empathy,4,0
MI-MAINEXP-4656221,Partnership,4,0
MI-MAINEXP-49627631,Empathy,4,0
MI-MAINEXP-73752017,Partnership,4,0
MI-MAINEXP-73752017,Softening Sustain Talk,4,0
MI-MAINEXP-97687845,Softening Sustain Talk,4,0
MI-MAINEXP-25850983,Cultivating Change Talk,2,0
MI-MAINEXP-4656221,Empathy,4,0
MI-MAINEXP-50002484,Cultivating Change Talk,1,0
MI-MAINEXP-73752017,Empathy,4,0
MI-MAINEXP-97687845,Partnership,3,0
MI-MAINEXP-46780594,Cultivating Change Talk,2,0
MI-MAINEXP-25850983,Softening Sustain Talk,4,0
MI-MAINEXP-25850983,Partnership,4,0
MI-MAINEXP-74053592,Cultivating Change Talk,2,0
MI-MAINEXP-97687845,Empathy,4,0
MI-MAINEXP-50002484,Softening Sustain Talk,3,0
MI-MAINEXP-98659687,Cultivating Change Talk,1,0
MI-MAINEXP-46780594,Softening Sustain Talk,4,0
MI-MAINEXP-50002484,Partnership,3,0
MI-MAINEXP-25850983,Empathy,4,0
MI-MAINEXP-74053592,Partnership,4,0
MI-MAINEXP-50002484,Empathy,3,0
MI-MAINEXP-46780594,Partnership,4,0
MI-MAINEXP-74053592,Softening Sustain Talk,4,0
MI-MAINEXP-98659687,Softening Sustain Talk,4,0
MI-MAINEXP-26031344,Cultivating Change Talk,2,0
MI-MAINEXP-46885196,Cultivating Change Talk,2,0
MI-MAINEXP-74053592,Empathy,4,0
MI-MAINEXP-98659687,Partnership,4,0
MI-MAINEXP-46780594,Empathy,4,0
MI-MAINEXP-26031344,Softening Sustain Talk,4,0
MI-MAINEXP-50158783,Cultivating Change Talk,1,0
MI-MAINEXP-74092448,Cultivating Change Talk,2,0
MI-MAINEXP-98659687,Empathy,2,0
MI-MAINEXP-50158783,Partnership,3,0
MI-MAINEXP-50158783,Softening Sustain Talk,4,0
MI-MAINEXP-26031344,Partnership,3,0
MI-MAINEXP-46885196,Softening Sustain Talk,4,0
MI-MAINEXP-74092448,Softening Sustain Talk,4,0
MI-MAINEXP-98983474,Cultivating Change Talk,2,0
MI-MAINEXP-26031344,Empathy,4,0
MI-MAINEXP-50158783,Empathy,4,0
MI-MAINEXP-74092448,Partnership,3,0
MI-MAINEXP-46885196,Partnership,4,0
MI-MAINEXP-98983474,Softening Sustain Talk,4,0
MI-MAINEXP-5030831,Cultivating Change Talk,1,0
MI-MAINEXP-46885196,Empathy,4,0
MI-MAINEXP-98983474,Partnership,4,0
MI-MAINEXP-74092448,Empathy,3,0
MI-MAINEXP-2605799,Cultivating Change Talk,4,0
MI-MAINEXP-2605799,Softening Sustain Talk,4,0
MI-MAINEXP-5030831,Softening Sustain Talk,4,0
MI-MAINEXP-46951885,Cultivating Change Talk,1,0
MI-MAINEXP-7433287,Cultivating Change Talk,2,0
MI-MAINEXP-22633233,Partnership,4,0
MI-MAINEXP-98983474,Empathy,3,0
MI-MAINEXP-22633233,Empathy,4,0
MI-MAINEXP-28469985,Cultivating Change Talk,2,0
MI-MAINEXP-94887898,Cultivating Change Talk,2,0
MI-MAINEXP-7064266,Partnership,3,0
MI-MAINEXP-7064266,Softening Sustain Talk,4,0
MI-MAINEXP-7064266,Empathy,4,0
MI-MAINEXP-28469985,Partnership,4,0
MI-MAINEXP-28469985,Softening Sustain Talk,4,0
MI-MAINEXP-22802141,Cultivating Change Talk,2,0
MI-MAINEXP-94887898,Partnership,4,0
MI-MAINEXP-94887898,Softening Sustain Talk,4,0
MI-MAINEXP-28469985,Empathy,4,0
MI-MAINEXP-22802141,Softening Sustain Talk,4,0
MI-MAINEXP-70698496,Cultivating Change Talk,1,0
MI-MAINEXP-94887898,Empathy,4,0
MI-MAINEXP-22802141,Partnership,4,0
MI-MAINEXP-28551882,Cultivating Change Talk,2,0
MI-MAINEXP-94927551,Cultivating Change Talk,2,0
MI-MAINEXP-70698496,Softening Sustain Talk,4,0
MI-MAINEXP-28551882,Partnership,2,0
MI-MAINEXP-22920641,Cultivating Change Talk,2,0
MI-MAINEXP-28551882,Softening Sustain Talk,4,0
MI-MAINEXP-70698496,Partnership,3,0
MI-MAINEXP-70698496,Empathy,3,0
MI-MAINEXP-94927551,Softening Sustain Talk,4,0
MI-MAINEXP-94927551,Partnership,4,0
MI-MAINEXP-28551882,Empathy,4,0
MI-MAINEXP-22920641,Softening Sustain Talk,4,0
MI-MAINEXP-22920641,Partnership,4,0
MI-MAINEXP-94927551,Empathy,4,0
MI-MAINEXP-70808569,Cultivating Change Talk,2,0
MI-MAINEXP-28632300,Cultivating Change Talk,1,0
MI-MAINEXP-94984816,Cultivating Change Talk,2,0
MI-MAINEXP-22920641,Empathy,3,0
MI-MAINEXP-28632300,Softening Sustain Talk,4,0
MI-MAINEXP-70808569,Softening Sustain Talk,4,0
MI-MAINEXP-22802141,Empathy,4,0
MI-MAINEXP-70808569,Partnership,4,0
MI-MAINEXP-23009184,Cultivating Change Talk,1,0
MI-MAINEXP-70808569,Empathy,3,0
MI-MAINEXP-94984816,Softening Sustain Talk,4,0
MI-MAINEXP-28632300,Partnership,2,0
MI-MAINEXP-94984816,Partnership,4,0
MI-MAINEXP-28632300,Empathy,3,0
MI-MAINEXP-94984816,Empathy,4,0
MI-MAINEXP-23009184,Softening Sustain Talk,4,0
MI-MAINEXP-70935969,Cultivating Change Talk,1,0
MI-MAINEXP-23009184,Partnership,4,0
MI-MAINEXP-2865529,Cultivating Change Talk,2,0
MI-MAINEXP-95018187,Cultivating Change Talk,2,0
MI-MAINEXP-23009184,Empathy,4,0
MI-MAINEXP-70935969,Softening Sustain Talk,4,0
MI-MAINEXP-70935969,Partnership,4,0
MI-MAINEXP-2865529,Softening Sustain Talk,4,0
MI-MAINEXP-2865529,Partnership,4,0
MI-MAINEXP-23189458,Cultivating Change Talk,2,0
MI-MAINEXP-95018187,Softening Sustain Talk,4,0
MI-MAINEXP-95018187,Partnership,4,0
MI-MAINEXP-2865529,Empathy,4,0
MI-MAINEXP-71066806,Cultivating Change Talk,2,0
MI-MAINEXP-95018187,Empathy,4,0
MI-MAINEXP-23189458,Softening Sustain Talk,4,0
MI-MAINEXP-95027372,Cultivating Change Talk,2,0
MI-MAINEXP-23189458,Partnership,3,0
MI-MAINEXP-2880314,Cultivating Change Talk,1,0
MI-MAINEXP-71066806,Partnership,4,0
MI-MAINEXP-71066806,Softening Sustain Talk,4,0
MI-MAINEXP-23189458,Empathy,4,0
MI-MAINEXP-2880314,Softening Sustain Talk,4,0
MI-MAINEXP-2880314,Partnership,4,0
MI-MAINEXP-2880314,Empathy,3,0
MI-MAINEXP-95027372,Softening Sustain Talk,4,0
MI-MAINEXP-71066806,Empathy,4,0
MI-MAINEXP-23220325,Cultivating Change Talk,2,0
MI-MAINEXP-23220325,Softening Sustain Talk,4,0
MI-MAINEXP-95027372,Partnership,4,0
MI-MAINEXP-71075523,Cultivating Change Talk,2,0
MI-MAINEXP-23220325,Empathy,4,0
MI-MAINEXP-71075523,Softening Sustain Talk,4,0
MI-MAINEXP-95029154,Cultivating Change Talk,2,0
MI-MAINEXP-23220325,Partnership,4,0
MI-MAINEXP-28874857,Cultivating Change Talk,2,0
MI-MAINEXP-95027372,Empathy,3,0
MI-MAINEXP-71075523,Partnership,4,0
MI-MAINEXP-71075523,Empathy,4,0
MI-MAINEXP-95029154,Softening Sustain Talk,4,0
MI-MAINEXP-28874857,Softening Sustain Talk,4,0
MI-MAINEXP-23253060,Cultivating Change Talk,2,0
MI-MAINEXP-95029154,Partnership,3,0
MI-MAINEXP-23253060,Softening Sustain Talk,4,0
MI-MAINEXP-28874857,Partnership,4,0
MI-MAINEXP-28874857,Empathy,4,0
MI-MAINEXP-95029154,Empathy,3,0
MI-MAINEXP-71076021,Cultivating Change Talk,2,0
MI-MAINEXP-28968920,Cultivating Change Talk,1,0
MI-MAINEXP-23253060,Partnership,3,0
MI-MAINEXP-23253060,Empathy,4,0
MI-MAINEXP-95140930,Cultivating Change Talk,2,0
MI-MAINEXP-71076021,Softening Sustain Talk,4,0
MI-MAINEXP-71076021,Partnership,4,0
MI-MAINEXP-28968920,Partnership,2,0
MI-MAINEXP-71076021,Empathy,4,0
MI-MAINEXP-95140930,Softening Sustain Talk,4,0
MI-MAINEXP-28968920,Softening Sustain Talk,4,0
MI-MAINEXP-95140930,Partnership,3,0
MI-MAINEXP-23507216,Cultivating Change Talk,1,0
MI-MAINEXP-23507216,Softening Sustain Talk,4,0
MI-MAINEXP-28968920,Empathy,3,0
MI-MAINEXP-71198938,Cultivating Change Talk,2,0
MI-MAINEXP-95140930,Empathy,4,0
MI-MAINEXP-23507216,Partnership,3,0
MI-MAINEXP-28995280,Cultivating Change Talk,2,0
MI-MAINEXP-95350847,Cultivating Change Talk,2,0
MI-MAINEXP-23507216,Empathy,4,0
MI-MAINEXP-71198938,Partnership,3,0
MI-MAINEXP-71198938,Softening Sustain Talk,4,0
MI-MAINEXP-28995280,Softening Sustain Talk,4,0
MI-MAINEXP-28995280,Partnership,4,0
MI-MAINEXP-95350847,Softening Sustain Talk,4,0
MI-MAINEXP-71198938,Empathy,4,0
MI-MAINEXP-23741086,Cultivating Change Talk,3,0
MI-MAINEXP-95350847,Partnership,3,0
MI-MAINEXP-4256717,Partnership,4,0
MI-MAINEXP-4256717,Empathy,4,0
MI-MAINEXP-4256717,Softening Sustain Talk,4,0
MI-MAINEXP-42628076,Partnership,3,0
MI-MAINEXP-42628076,Softening Sustain Talk,4,0
MI-MAINEXP-42628076,Empathy,4,0
MI-MAINEXP-43212500,Cultivating Change Talk,1,0
MI-MAINEXP-42628076,Cultivating Change Talk,1,0
MI-MAINEXP-43212500,Partnership,2,0
MI-MAINEXP-43212500,Empathy,3,0
MI-MAINEXP-43212500,Softening Sustain Talk,4,0
MI-MAINEXP-43236737,Empathy,4,0
MI-MAINEXP-43236737,Cultivating Change Talk,2,0
MI-MAINEXP-43236737,Partnership,4,0
MI-MAINEXP-43236737,Softening Sustain Talk,4,0
MI-MAINEXP-43311669,Cultivating Change Talk,2,0
MI-MAINEXP-43311669,Softening Sustain Talk,4,0
MI-MAINEXP-70935969,Empathy,4,0
MI-MAINEXP-43311669,Partnership,4,0
MI-MAINEXP-43311669,Empathy,4,0
MI-MAINEXP-43567764,Cultivating Change Talk,2,0
MI-MAINEXP-43567764,Partnership,4,0
MI-MAINEXP-43567764,Empathy,4,0
MI-MAINEXP-43567764,Softening Sustain Talk,4,0
MI-MAINEXP-43616076,Cultivating Change Talk,2,0
MI-MAINEXP-43616076,Softening Sustain Talk,4,0
MI-MAINEXP-43616076,Empathy,4,0
MI-MAINEXP-43616076,Partnership,4,0
MI-MAINEXP-43659017,Empathy,4,0
MI-MAINEXP-43659017,Cultivating Change Talk,2,0
MI-MAINEXP-43659017,Partnership,4,0
MI-MAINEXP-43659017,Softening Sustain Talk,4,0
MI-MAINEXP-92044477,Cultivating Change Talk,2,0
MI-MAINEXP-91949373,Empathy,4,0
MI-MAINEXP-92044477,Partnership,4,0
MI-MAINEXP-92044477,Empathy,4,0
MI-MAINEXP-92044477,Softening Sustain Talk,4,0
MI-MAINEXP-92058862,Partnership,4,0
MI-MAINEXP-92058862,Cultivating Change Talk,2,0
MI-MAINEXP-92058862,Empathy,3,0
MI-MAINEXP-92058862,Softening Sustain Talk,4,0
MI-MAINEXP-92644126,Cultivating Change Talk,1,0
MI-MAINEXP-92644126,Partnership,4,0
MI-MAINEXP-92644126,Empathy,4,0
MI-MAINEXP-92644126,Softening Sustain Talk,3,0
MI-MAINEXP-92647363,Cultivating Change Talk,2,0
MI-MAINEXP-92647363,Empathy,4,0
MI-MAINEXP-92647363,Softening Sustain Talk,4,0
MI-MAINEXP-92647363,Partnership,4,0
MI-MAINEXP-92665707,Cultivating Change Talk,2,0
MI-MAINEXP-92665707,Empathy,4,0
MI-MAINEXP-92665707,Partnership,3,0
MI-MAINEXP-92732107,Partnership,4,0
MI-MAINEXP-92665707,Softening Sustain Talk,4,0
MI-MAINEXP-92732107,Cultivating Change Talk,2,0
MI-MAINEXP-92732107,Empathy,4,0
MI-MAINEXP-92758079,Cultivating Change Talk,2,0
MI-MAINEXP-92758079,Partnership,3,0
MI-MAINEXP-92732107,Softening Sustain Talk,4,0
MI-MAINEXP-92758079,Empathy,4,0
MI-MAINEXP-92758079,Softening Sustain Talk,4,0
MI-MAINEXP-93045566,Softening Sustain Talk,4,0
MI-MAINEXP-93045566,Cultivating Change Talk,2,0
MI-MAINEXP-18103171,Cultivating Change Talk,2,0
MI-MAINEXP-37808095,Empathy,4,0
MI-MAINEXP-20843195,Softening Sustain Talk,4,0
MI-MAINEXP-67574808,Cultivating Change Talk,2,0
MI-MAINEXP-89055274,Partnership,4,0
MI-MAINEXP-39980755,Cultivating Change Talk,2,0
MI-MAINEXP-20843195,Partnership,4,0
MI-MAINEXP-37860642,Cultivating Change Talk,2,0
MI-MAINEXP-18103171,Partnership,3,0
MI-MAINEXP-89055274,Empathy,3,0
MI-MAINEXP-18103171,Softening Sustain Talk,4,0
MI-MAINEXP-39980755,Softening Sustain Talk,4,0
MI-MAINEXP-20843195,Empathy,3,0
MI-MAINEXP-67574808,Softening Sustain Talk,4,0
MI-MAINEXP-39980755,Partnership,2,0
MI-MAINEXP-89276524,Cultivating Change Talk,2,0
MI-MAINEXP-37860642,Softening Sustain Talk,4,0
MI-MAINEXP-18103171,Empathy,4,0
MI-MAINEXP-67574808,Partnership,4,0
MI-MAINEXP-37860642,Partnership,3,0
MI-MAINEXP-20861590,Cultivating Change Talk,2,0
MI-MAINEXP-39980755,Empathy,4,0
MI-MAINEXP-37860642,Empathy,3,0
MI-MAINEXP-18420716,Cultivating Change Talk,2,0
MI-MAINEXP-39998176,Cultivating Change Talk,2,0
MI-MAINEXP-20861590,Softening Sustain Talk,4,0
MI-MAINEXP-89276524,Softening Sustain Talk,4,0
MI-MAINEXP-67583651,Cultivating Change Talk,2,0
MI-MAINEXP-20861590,Partnership,3,0
MI-MAINEXP-67574808,Empathy,4,0
MI-MAINEXP-89276524,Partnership,3,0
MI-MAINEXP-18420716,Softening Sustain Talk,4,0
MI-MAINEXP-37909232,Cultivating Change Talk,2,0
MI-MAINEXP-89276524,Empathy,3,0
MI-MAINEXP-18420716,Partnership,4,0
MI-MAINEXP-67583651,Softening Sustain Talk,4,0
MI-MAINEXP-20861590,Empathy,4,0
MI-MAINEXP-39998176,Softening Sustain Talk,4,0
MI-MAINEXP-39998176,Partnership,4,0
MI-MAINEXP-18420716,Empathy,4,0
MI-MAINEXP-67583651,Partnership,3,0
MI-MAINEXP-89299283,Cultivating Change Talk,2,0
MI-MAINEXP-37909232,Softening Sustain Talk,4,0
MI-MAINEXP-39998176,Empathy,4,0
MI-MAINEXP-37909232,Partnership,4,0
MI-MAINEXP-20922275,Cultivating Change Talk,2,0
MI-MAINEXP-67583651,Empathy,3,0
MI-MAINEXP-37909232,Empathy,4,0
MI-MAINEXP-89299283,Softening Sustain Talk,4,0
MI-MAINEXP-18501520,Cultivating Change Talk,2,0
MI-MAINEXP-67721508,Cultivating Change Talk,2,0
MI-MAINEXP-20922275,Softening Sustain Talk,4,0
MI-MAINEXP-40065352,Cultivating Change Talk,2,0
MI-MAINEXP-89299283,Partnership,3,0
MI-MAINEXP-20922275,Partnership,4,0
MI-MAINEXP-3793580,Cultivating Change Talk,2,0
MI-MAINEXP-18501520,Softening Sustain Talk,4,0
MI-MAINEXP-40065352,Softening Sustain Talk,4,0
MI-MAINEXP-20922275,Empathy,4,0
MI-MAINEXP-89299283,Empathy,4,0
MI-MAINEXP-18501520,Partnership,3,0
MI-MAINEXP-67721508,Softening Sustain Talk,4,0
MI-MAINEXP-18501520,Empathy,3,0
MI-MAINEXP-40065352,Partnership,4,0
MI-MAINEXP-40065352,Empathy,4,0
MI-MAINEXP-3793580,Partnership,4,0
MI-MAINEXP-3793580,Softening Sustain Talk,4,0
MI-MAINEXP-67721508,Partnership,4,0
MI-MAINEXP-20959199,Cultivating Change Talk,2,0
MI-MAINEXP-89314526,Cultivating Change Talk,2,0
MI-MAINEXP-67721508,Empathy,3,0
MI-MAINEXP-18654168,Cultivating Change Talk,2,0
MI-MAINEXP-3793580,Empathy,4,0
MI-MAINEXP-40115997,Cultivating Change Talk,2,0
MI-MAINEXP-89314526,Softening Sustain Talk,5,0
MI-MAINEXP-20959199,Softening Sustain Talk,4,0
MI-MAINEXP-6803492,Cultivating Change Talk,2,0
MI-MAINEXP-20959199,Partnership,4,0
MI-MAINEXP-18654168,Softening Sustain Talk,5,0
MI-MAINEXP-89314526,Partnership,3,0
MI-MAINEXP-89314526,Empathy,4,0
MI-MAINEXP-38042903,Cultivating Change Talk,2,0
MI-MAINEXP-18654168,Partnership,2,0
MI-MAINEXP-40115997,Softening Sustain Talk,4,0
MI-MAINEXP-6803492,Softening Sustain Talk,4,0
MI-MAINEXP-20959199,Empathy,4,0
MI-MAINEXP-40115997,Partnership,4,0
MI-MAINEXP-89587096,Cultivating Change Talk,2,0
MI-MAINEXP-38042903,Softening Sustain Talk,4,0
MI-MAINEXP-6803492,Partnership,4,0
MI-MAINEXP-21015587,Cultivating Change Talk,2,0
MI-MAINEXP-18654168,Empathy,3,0
MI-MAINEXP-40115997,Empathy,4,0
MI-MAINEXP-38042903,Partnership,4,0
MI-MAINEXP-6803492,Empathy,4,0
MI-MAINEXP-1873046,Cultivating Change Talk,2,0
MI-MAINEXP-38042903,Empathy,4,0
MI-MAINEXP-89587096,Softening Sustain Talk,3,0
MI-MAINEXP-40155652,Cultivating Change Talk,1,0
MI-MAINEXP-89587096,Partnership,3,0
MI-MAINEXP-21015587,Softening Sustain Talk,4,0
MI-MAINEXP-1873046,Softening Sustain Talk,4,0
MI-MAINEXP-21015587,Partnership,3,0
MI-MAINEXP-38321948,Cultivating Change Talk,2,0
MI-MAINEXP-40155652,Softening Sustain Talk,4,0
MI-MAINEXP-89587096,Empathy,4,0
MI-MAINEXP-68050113,Softening Sustain Talk,4,0
MI-MAINEXP-1873046,Partnership,4,0
MI-MAINEXP-21015587,Empathy,4,0
MI-MAINEXP-68050113,Partnership,4,0
MI-MAINEXP-40155652,Partnership,3,0
MI-MAINEXP-38321948,Softening Sustain Talk,4,0
MI-MAINEXP-2102010,Cultivating Change Talk,2,0
MI-MAINEXP-89874527,Cultivating Change Talk,2,0
MI-MAINEXP-1873046,Empathy,4,0
MI-MAINEXP-38321948,Partnership,4,0
MI-MAINEXP-68050113,Empathy,4,0
MI-MAINEXP-40155652,Empathy,3,0
MI-MAINEXP-68050113,Cultivating Change Talk,2,0
MI-MAINEXP-38321948,Empathy,4,0
MI-MAINEXP-89874527,Softening Sustain Talk,4,0
MI-MAINEXP-2102010,Softening Sustain Talk,4,0
MI-MAINEXP-18737257,Cultivating Change Talk,2,0
MI-MAINEXP-40197614,Cultivating Change Talk,2,0
MI-MAINEXP-68124262,Cultivating Change Talk,2,0
MI-MAINEXP-89874527,Partnership,4,0
MI-MAINEXP-2102010,Partnership,4,0
MI-MAINEXP-38487210,Cultivating Change Talk,2,0
MI-MAINEXP-18737257,Partnership,4,0
MI-MAINEXP-2102010,Empathy,4,0
MI-MAINEXP-89874527,Empathy,4,0
MI-MAINEXP-18737257,Softening Sustain Talk,4,0
MI-MAINEXP-40197614,Softening Sustain Talk,4,0
MI-MAINEXP-68124262,Softening Sustain Talk,4,0
MI-MAINEXP-40197614,Partnership,3,0
MI-MAINEXP-40197614,Empathy,3,0
MI-MAINEXP-38487210,Softening Sustain Talk,4,0
MI-MAINEXP-18737257,Empathy,4,0
MI-MAINEXP-89935138,Cultivating Change Talk,2,0
MI-MAINEXP-68124262,Partnership,4,0
MI-MAINEXP-21146911,Cultivating Change Talk,2,0
MI-MAINEXP-38487210,Partnership,3,0
MI-MAINEXP-68124262,Empathy,4,0
MI-MAINEXP-38487210,Empathy,4,0
MI-MAINEXP-18844011,Cultivating Change Talk,2,0
MI-MAINEXP-40566714,Cultivating Change Talk,1,0
MI-MAINEXP-68177419,Cultivating Change Talk,2,0
MI-MAINEXP-21146911,Softening Sustain Talk,4,0
MI-MAINEXP-89935138,Softening Sustain Talk,4,0
MI-MAINEXP-89935138,Partnership,4,0
MI-MAINEXP-40566714,Softening Sustain Talk,4,0
MI-MAINEXP-18844011,Softening Sustain Talk,4,0
MI-MAINEXP-21146911,Partnership,4,0
MI-MAINEXP-38585888,Cultivating Change Talk,1,0
MI-MAINEXP-89935138,Empathy,4,0
MI-MAINEXP-40566714,Partnership,4,0
MI-MAINEXP-18844011,Partnership,3,0
MI-MAINEXP-68177419,Softening Sustain Talk,4,0
MI-MAINEXP-68177419,Partnership,3,0
MI-MAINEXP-21146911,Empathy,4,0
MI-MAINEXP-40566714,Empathy,3,0
MI-MAINEXP-18844011,Empathy,4,0
MI-MAINEXP-38585888,Softening Sustain Talk,4,0
MI-MAINEXP-21178860,Cultivating Change Talk,2,0
MI-MAINEXP-90047960,Cultivating Change Talk,2,0
MI-MAINEXP-38585888,Partnership,3,0
MI-MAINEXP-4083823,Cultivating Change Talk,2,0
MI-MAINEXP-68177419,Empathy,3,0
MI-MAINEXP-38585888,Empathy,4,0
MI-MAINEXP-18890216,Cultivating Change Talk,2,0
MI-MAINEXP-21178860,Softening Sustain Talk,4,0
MI-MAINEXP-68205916,Cultivating Change Talk,3,0
MI-MAINEXP-90047960,Partnership,3,0
MI-MAINEXP-90047960,Softening Sustain Talk,4,0
MI-MAINEXP-21178860,Partnership,3,0
MI-MAINEXP-18890216,Softening Sustain Talk,4,0
MI-MAINEXP-38622113,Cultivating Change Talk,4,0
MI-MAINEXP-4083823,Softening Sustain Talk,4,0
MI-MAINEXP-90047960,Empathy,4,0
MI-MAINEXP-68205916,Softening Sustain Talk,4,0
MI-MAINEXP-18890216,Partnership,4,0
MI-MAINEXP-21178860,Empathy,4,0
MI-MAINEXP-38622113,Softening Sustain Talk,3,0
MI-MAINEXP-68205916,Partnership,4,0
MI-MAINEXP-4083823,Partnership,4,0
MI-MAINEXP-90253905,Cultivating Change Talk,2,0
MI-MAINEXP-60168523,Empathy,4,0
MI-MAINEXP-60168523,Partnership,3,0
MI-MAINEXP-63832372,Empathy,4,0
MI-MAINEXP-60276341,Cultivating Change Talk,2,0
MI-MAINEXP-63859288,Cultivating Change Talk,2,0
MI-MAINEXP-63859288,Partnership,4,0
MI-MAINEXP-60276341,Partnership,4,0
MI-MAINEXP-60276341,Empathy,4,0
MI-MAINEXP-63859288,Softening Sustain Talk,4,0
MI-MAINEXP-63859288,Empathy,4,0
MI-MAINEXP-60276341,Softening Sustain Talk,4,0
MI-MAINEXP-60496000,Cultivating Change Talk,2,0
MI-MAINEXP-63953952,Cultivating Change Talk,1,0
MI-MAINEXP-63953952,Empathy,4,0
MI-MAINEXP-60496000,Partnership,4,0
MI-MAINEXP-63953952,Partnership,3,0
MI-MAINEXP-60496000,Softening Sustain Talk,4,0
MI-MAINEXP-60496000,Empathy,4,0
MI-MAINEXP-64038485,Cultivating Change Talk,2,0
MI-MAINEXP-63953952,Softening Sustain Talk,4,0
MI-MAINEXP-60511798,Cultivating Change Talk,2,0
MI-MAINEXP-64038485,Softening Sustain Talk,4,0
MI-MAINEXP-64038485,Partnership,4,0
MI-MAINEXP-60511798,Empathy,4,0
MI-MAINEXP-60511798,Partnership,3,0
MI-MAINEXP-64038485,Empathy,4,0
MI-MAINEXP-60650949,Cultivating Change Talk,2,0
MI-MAINEXP-60511798,Softening Sustain Talk,4,0
MI-MAINEXP-6447570,Cultivating Change Talk,1,0
MI-MAINEXP-6447570,Empathy,4,0
MI-MAINEXP-6447570,Softening Sustain Talk,4,0
MI-MAINEXP-60650949,Partnership,4,0
MI-MAINEXP-60650949,Empathy,4,0
MI-MAINEXP-6447570,Partnership,4,0
MI-MAINEXP-60845532,Cultivating Change Talk,1,0
MI-MAINEXP-64719159,Cultivating Change Talk,2,0
MI-MAINEXP-60650949,Softening Sustain Talk,4,0
MI-MAINEXP-64719159,Partnership,4,0
MI-MAINEXP-64719159,Empathy,4,0
MI-MAINEXP-60845532,Empathy,4,0
MI-MAINEXP-60845532,Partnership,3,0
MI-MAINEXP-60845532,Softening Sustain Talk,4,0
MI-MAINEXP-64719159,Softening Sustain Talk,4,0
MI-MAINEXP-60887491,Cultivating Change Talk,2,0
MI-MAINEXP-64846205,Cultivating Change Talk,2,0
MI-MAINEXP-64846205,Softening Sustain Talk,4,0
MI-MAINEXP-64846205,Partnership,4,0
MI-MAINEXP-60887491,Empathy,4,0
MI-MAINEXP-64846205,Empathy,4,0
MI-MAINEXP-60887491,Partnership,3,0
MI-MAINEXP-61079051,Cultivating Change Talk,1,0
MI-MAINEXP-61079051,Partnership,3,0
MI-MAINEXP-65302585,Partnership,3,0
MI-MAINEXP-65302585,Empathy,4,0
MI-MAINEXP-65302585,Softening Sustain Talk,4,0
MI-MAINEXP-65302585,Cultivating Change Talk,2,0
MI-MAINEXP-61079051,Softening Sustain Talk,4,0
MI-MAINEXP-61079051,Empathy,4,0
MI-MAINEXP-65320044,Cultivating Change Talk,2,0
MI-MAINEXP-61116730,Cultivating Change Talk,2,0
MI-MAINEXP-35437575,Partnership,3,0
MI-MAINEXP-86241758,Softening Sustain Talk,4,0
MI-MAINEXP-65320044,Softening Sustain Talk,3,0
MI-MAINEXP-35437575,Empathy,4,0
MI-MAINEXP-86241758,Partnership,4,0
MI-MAINEXP-86241758,Empathy,4,0
MI-MAINEXP-35888340,Cultivating Change Talk,2,0
MI-MAINEXP-35888340,Partnership,4,0
MI-MAINEXP-35888340,Empathy,4,0
MI-MAINEXP-60887491,Softening Sustain Talk,4,0
MI-MAINEXP-86362405,Softening Sustain Talk,4,0
MI-MAINEXP-86362405,Cultivating Change Talk,2,0
MI-MAINEXP-35892490,Cultivating Change Talk,1,0
MI-MAINEXP-35888340,Softening Sustain Talk,4,0
MI-MAINEXP-86362405,Partnership,4,0
MI-MAINEXP-86362405,Empathy,4,0
MI-MAINEXP-86382154,Cultivating Change Talk,2,0
MI-MAINEXP-35892490,Empathy,3,0
MI-MAINEXP-35892490,Softening Sustain Talk,4,0
MI-MAINEXP-86382154,Softening Sustain Talk,4,0
MI-MAINEXP-86382154,Partnership,2,0
MI-MAINEXP-86382154,Empathy,3,0
MI-MAINEXP-35961689,Cultivating Change Talk,2,0
MI-MAINEXP-35961689,Partnership,4,0
MI-MAINEXP-86423920,Cultivating Change Talk,2,0
MI-MAINEXP-35961689,Empathy,4,0
MI-MAINEXP-35961689,Softening Sustain Talk,4,0
MI-MAINEXP-86423920,Partnership,4,0
MI-MAINEXP-86423920,Softening Sustain Talk,4,0
MI-MAINEXP-36126229,Cultivating Change Talk,2,0
MI-MAINEXP-36126229,Partnership,4,0
MI-MAINEXP-36126229,Empathy,4,0
MI-MAINEXP-36126229,Softening Sustain Talk,4,0
MI-MAINEXP-86579000,Softening Sustain Talk,4,0
MI-MAINEXP-86423920,Empathy,4,0
MI-MAINEXP-86579000,Cultivating Change Talk,2,0
MI-MAINEXP-86579000,Partnership,4,0
MI-MAINEXP-35892490,Partnership,4,0
MI-MAINEXP-36225075,Cultivating Change Talk,2,0
MI-MAINEXP-86728711,Cultivating Change Talk,2,0
MI-MAINEXP-36225075,Softening Sustain Talk,4,0
MI-MAINEXP-36225075,Empathy,4,0
MI-MAINEXP-36225075,Partnership,3,0
MI-MAINEXP-86728711,Softening Sustain Talk,4,0
MI-MAINEXP-86579000,Empathy,4,0
MI-MAINEXP-86728711,Partnership,4,0
MI-MAINEXP-86728711,Empathy,3,0
MI-MAINEXP-36233602,Cultivating Change Talk,2,0
MI-MAINEXP-36233602,Partnership,4,0
MI-MAINEXP-36233602,Softening Sustain Talk,4,0
MI-MAINEXP-86779608,Cultivating Change Talk,1,0
MI-MAINEXP-86779608,Partnership,3,0
MI-MAINEXP-36233602,Empathy,4,0
MI-MAINEXP-86779608,Softening Sustain Talk,4,0
MI-MAINEXP-36531561,Cultivating Change Talk,2,0
MI-MAINEXP-86779608,Empathy,4,0
MI-MAINEXP-86995990,Cultivating Change Talk,2,0
MI-MAINEXP-36531561,Softening Sustain Talk,4,0
MI-MAINEXP-36531561,Partnership,4,0
MI-MAINEXP-36531561,Empathy,4,0
MI-MAINEXP-86995990,Empathy,4,0
MI-MAINEXP-86995990,Partnership,4,0
MI-MAINEXP-86995990,Softening Sustain Talk,4,0
MI-MAINEXP-36547280,Cultivating Change Talk,2,0
MI-MAINEXP-12244452,Partnership,2,0
MI-MAINEXP-15257201,Empathy,1,0
MI-MAINEXP-57232089,Cultivating Change Talk,2,0
MI-MAINEXP-84472905,Cultivating Change Talk,2,0
MI-MAINEXP-33682304,Softening Sustain Talk,4,0
MI-MAINEXP-15422633,Cultivating Change Talk,2,0
MI-MAINEXP-12244452,Empathy,4,0
MI-MAINEXP-81162393,Empathy,4,0
MI-MAINEXP-33682304,Partnership,3,0
MI-MAINEXP-8117809,Cultivating Change Talk,1,0
MI-MAINEXP-57232089,Softening Sustain Talk,4,0
MI-MAINEXP-1234580,Cultivating Change Talk,3,0
MI-MAINEXP-33682304,Empathy,3,0
MI-MAINEXP-15422633,Softening Sustain Talk,4,0
MI-MAINEXP-57232089,Partnership,3,0
MI-MAINEXP-84472905,Partnership,3,0
MI-MAINEXP-15422633,Partnership,2,0
MI-MAINEXP-33908285,Cultivating Change Talk,2,0
MI-MAINEXP-57232089,Empathy,4,0
MI-MAINEXP-8117809,Partnership,3,0
MI-MAINEXP-1234580,Softening Sustain Talk,4,0
MI-MAINEXP-8117809,Softening Sustain Talk,4,0
MI-MAINEXP-84472905,Empathy,3,0
MI-MAINEXP-1234580,Partnership,4,0
MI-MAINEXP-15422633,Empathy,4,0
MI-MAINEXP-5786354,Cultivating Change Talk,2,0
MI-MAINEXP-84574778,Cultivating Change Talk,2,0
MI-MAINEXP-8117809,Empathy,4,0
MI-MAINEXP-33908285,Softening Sustain Talk,4,0
MI-MAINEXP-15629210,Cultivating Change Talk,2,0
MI-MAINEXP-1234580,Empathy,4,0
MI-MAINEXP-81385204,Cultivating Change Talk,2,0
MI-MAINEXP-33908285,Partnership,3,0
MI-MAINEXP-5786354,Softening Sustain Talk,4,0
MI-MAINEXP-12348828,Cultivating Change Talk,2,0
MI-MAINEXP-84574778,Softening Sustain Talk,4,0
MI-MAINEXP-84574778,Partnership,3,0
MI-MAINEXP-33908285,Empathy,4,0
MI-MAINEXP-15629210,Softening Sustain Talk,4,0
MI-MAINEXP-81385204,Softening Sustain Talk,4,0
MI-MAINEXP-5786354,Partnership,4,0
MI-MAINEXP-15629210,Partnership,4,0
MI-MAINEXP-33909864,Cultivating Change Talk,2,0
MI-MAINEXP-12348828,Softening Sustain Talk,4,0
MI-MAINEXP-81385204,Partnership,4,0
MI-MAINEXP-5786354,Empathy,4,0
MI-MAINEXP-84574778,Empathy,3,0
MI-MAINEXP-12348828,Partnership,4,0
MI-MAINEXP-57887017,Cultivating Change Talk,2,0
MI-MAINEXP-15629210,Empathy,4,0
MI-MAINEXP-8463065,Cultivating Change Talk,2,0
MI-MAINEXP-15723171,Cultivating Change Talk,2,0
MI-MAINEXP-33909864,Softening Sustain Talk,4,0
MI-MAINEXP-12348828,Empathy,4,0
MI-MAINEXP-84472905,Softening Sustain Talk,4,0
MI-MAINEXP-81385204,Empathy,3,0
MI-MAINEXP-33909864,Partnership,4,0
MI-MAINEXP-81872917,Cultivating Change Talk,2,0
MI-MAINEXP-33909864,Empathy,4,0
MI-MAINEXP-12648779,Cultivating Change Talk,2,0
MI-MAINEXP-8463065,Softening Sustain Talk,4,0
MI-MAINEXP-57887017,Softening Sustain Talk,4,0
MI-MAINEXP-57887017,Partnership,4,0
MI-MAINEXP-15723171,Softening Sustain Talk,4,0
MI-MAINEXP-8463065,Partnership,4,0
MI-MAINEXP-81872917,Softening Sustain Talk,4,0
MI-MAINEXP-15723171,Partnership,3,0
MI-MAINEXP-12648779,Softening Sustain Talk,4,0
MI-MAINEXP-33966560,Cultivating Change Talk,1,0
MI-MAINEXP-81872917,Partnership,4,0
MI-MAINEXP-57887017,Empathy,4,0
MI-MAINEXP-15723171,Empathy,4,0
MI-MAINEXP-12648779,Partnership,3,0
MI-MAINEXP-8463065,Empathy,4,0
MI-MAINEXP-81872917,Empathy,4,0
MI-MAINEXP-57924616,Cultivating Change Talk,2,0
MI-MAINEXP-84757194,Cultivating Change Talk,2,0
MI-MAINEXP-12648779,Empathy,3,0
MI-MAINEXP-33966560,Partnership,3,0
MI-MAINEXP-33966560,Softening Sustain Talk,4,0
MI-MAINEXP-16058570,Cultivating Change Talk,2,0
MI-MAINEXP-57924616,Softening Sustain Talk,4,0
MI-MAINEXP-12795040,Cultivating Change Talk,1,0
MI-MAINEXP-84757194,Softening Sustain Talk,4,0
MI-MAINEXP-57924616,Partnership,4,0
MI-MAINEXP-33966560,Empathy,3,0
MI-MAINEXP-12795040,Softening Sustain Talk,4,0
MI-MAINEXP-84757194,Partnership,3,0
MI-MAINEXP-16058570,Softening Sustain Talk,3,0
MI-MAINEXP-57924616,Empathy,4,0
MI-MAINEXP-33995966,Cultivating Change Talk,2,0
MI-MAINEXP-81873630,Softening Sustain Talk,4,0
MI-MAINEXP-16058570,Partnership,4,0
MI-MAINEXP-81873630,Partnership,4,0
MI-MAINEXP-12795040,Partnership,3,0
MI-MAINEXP-16058570,Empathy,4,0
MI-MAINEXP-84757194,Empathy,3,0
MI-MAINEXP-57983402,Cultivating Change Talk,2,0
MI-MAINEXP-81873630,Empathy,4,0
MI-MAINEXP-33995966,Softening Sustain Talk,4,0
MI-MAINEXP-81873630,Cultivating Change Talk,2,0
MI-MAINEXP-84847086,Cultivating Change Talk,2,0
MI-MAINEXP-12795040,Empathy,4,0
MI-MAINEXP-1611529,Cultivating Change Talk,2,0
MI-MAINEXP-33995966,Partnership,3,0
MI-MAINEXP-57983402,Softening Sustain Talk,3,0
MI-MAINEXP-81964025,Cultivating Change Talk,2,0
MI-MAINEXP-13082084,Cultivating Change Talk,1,0
MI-MAINEXP-33995966,Empathy,4,0
MI-MAINEXP-1611529,Softening Sustain Talk,4,0
MI-MAINEXP-57983402,Partnership,3,0
MI-MAINEXP-84847086,Softening Sustain Talk,4,0
MI-MAINEXP-84847086,Partnership,4,0
MI-MAINEXP-1611529,Partnership,4,0
MI-MAINEXP-81964025,Softening Sustain Talk,4,0
MI-MAINEXP-34005037,Cultivating Change Talk,2,0
MI-MAINEXP-57983402,Empathy,3,0
MI-MAINEXP-13082084,Softening Sustain Talk,4,0
MI-MAINEXP-81964025,Partnership,3,0
MI-MAINEXP-84847086,Empathy,4,0
MI-MAINEXP-13082084,Partnership,4,0
MI-MAINEXP-1611529,Empathy,3,0
MI-MAINEXP-81964025,Empathy,4,0
MI-MAINEXP-58097275,Cultivating Change Talk,2,0
MI-MAINEXP-13082084,Empathy,4,0
MI-MAINEXP-34005037,Partnership,4,0
MI-MAINEXP-16201229,Cultivating Change Talk,2,0
MI-MAINEXP-84990749,Cultivating Change Talk,4,0
MI-MAINEXP-34005037,Softening Sustain Talk,4,0
MI-MAINEXP-82225794,Cultivating Change Talk,2,0
MI-MAINEXP-84990749,Softening Sustain Talk,4,0
MI-MAINEXP-58097275,Softening Sustain Talk,4,0
MI-MAINEXP-13112641,Cultivating Change Talk,2,0
MI-MAINEXP-58097275,Partnership,4,0
MI-MAINEXP-34005037,Empathy,4,0
MI-MAINEXP-84990749,Partnership,4,0
MI-MAINEXP-16201229,Softening Sustain Talk,4,0
MI-MAINEXP-34053141,Cultivating Change Talk,1,0
MI-MAINEXP-82225794,Softening Sustain Talk,4,0
MI-MAINEXP-16201229,Partnership,4,0
MI-MAINEXP-58097275,Empathy,4,0
MI-MAINEXP-82225794,Partnership,4,0
MI-MAINEXP-13112641,Partnership,4,0
MI-MAINEXP-16201229,Empathy,4,0
MI-MAINEXP-84990749,Empathy,4,0
MI-MAINEXP-34053141,Softening Sustain Talk,4,0
MI-MAINEXP-82225794,Empathy,4,0
MI-MAINEXP-58231127,Cultivating Change Talk,1,0
MI-MAINEXP-13112641,Empathy,4,0
MI-MAINEXP-85062423,Cultivating Change Talk,2,0
MI-MAINEXP-1627813,Cultivating Change Talk,2,0
MI-MAINEXP-34053141,Partnership,4,0
MI-MAINEXP-58231127,Softening Sustain Talk,4,0
MI-MAINEXP-82582211,Cultivating Change Talk,2,0
MI-MAINEXP-13182357,Cultivating Change Talk,2,0
MI-MAINEXP-13112641,Softening Sustain Talk,4,0
MI-MAINEXP-1627813,Softening Sustain Talk,4,0
MI-MAINEXP-58231127,Partnership,4,0
MI-MAINEXP-85062423,Softening Sustain Talk,4,0
MI-MAINEXP-34053141,Empathy,1,0
MI-MAINEXP-85062423,Partnership,3,0
MI-MAINEXP-58231127,Empathy,3,0
MI-MAINEXP-1627813,Partnership,3,0
MI-MAINEXP-34194249,Cultivating Change Talk,2,0
MI-MAINEXP-85062423,Empathy,4,0
MI-MAINEXP-82582211,Partnership,3,0
MI-MAINEXP-82582211,Softening Sustain Talk,4,0
MI-MAINEXP-13182357,Partnership,3,0
MI-MAINEXP-1627813,Empathy,3,0
MI-MAINEXP-13182357,Softening Sustain Talk,4,0
MI-MAINEXP-82582211,Empathy,3,0
MI-MAINEXP-58315039,Cultivating Change Talk,2,0
MI-MAINEXP-85150321,Cultivating Change Talk,1,0
MI-MAINEXP-34194249,Softening Sustain Talk,4,0
MI-MAINEXP-16362106,Cultivating Change Talk,2,0
MI-MAINEXP-34194249,Partnership,4,0
MI-MAINEXP-13182357,Empathy,4,0
MI-MAINEXP-82597217,Cultivating Change Talk,2,0
MI-MAINEXP-58315039,Softening Sustain Talk,4,0
MI-MAINEXP-16362106,Softening Sustain Talk,4,0
MI-MAINEXP-13195233,Cultivating Change Talk,2,0
MI-MAINEXP-85150321,Softening Sustain Talk,4,0
MI-MAINEXP-34194249,Empathy,3,0
MI-MAINEXP-58315039,Partnership,4,0
MI-MAINEXP-31444737,Cultivating Change Talk,2,0
MI-MAINEXP-52952809,Empathy,3,0
MI-MAINEXP-7723050,Partnership,3,0
MI-MAINEXP-53002581,Cultivating Change Talk,1,0
MI-MAINEXP-82597217,Softening Sustain Talk,4,0
MI-MAINEXP-85150321,Partnership,4,0
MI-MAINEXP-7723050,Empathy,4,0
MI-MAINEXP-31444737,Softening Sustain Talk,4,0
MI-MAINEXP-31444737,Partnership,3,0
MI-MAINEXP-53002581,Softening Sustain Talk,4,0
MI-MAINEXP-31444737,Empathy,4,0
MI-MAINEXP-53002581,Empathy,4,0
MI-MAINEXP-77266176,Cultivating Change Talk,2,0
MI-MAINEXP-77266176,Softening Sustain Talk,4,0
MI-MAINEXP-31552923,Cultivating Change Talk,2,0
MI-MAINEXP-53002581,Partnership,4,0
MI-MAINEXP-77266176,Partnership,4,0
MI-MAINEXP-53865500,Cultivating Change Talk,2,0
MI-MAINEXP-77266176,Empathy,4,0
MI-MAINEXP-31552923,Partnership,4,0
MI-MAINEXP-31552923,Empathy,4,0
MI-MAINEXP-53865500,Partnership,3,0
MI-MAINEXP-77456304,Cultivating Change Talk,2,0
MI-MAINEXP-53865500,Softening Sustain Talk,4,0
MI-MAINEXP-31552923,Softening Sustain Talk,4,0
MI-MAINEXP-53865500,Empathy,3,0
MI-MAINEXP-77456304,Partnership,3,0
MI-MAINEXP-31649653,Partnership,3,0
MI-MAINEXP-31649653,Cultivating Change Talk,2,0
MI-MAINEXP-77456304,Softening Sustain Talk,4,0
MI-MAINEXP-53873110,Cultivating Change Talk,2,0
MI-MAINEXP-31649653,Softening Sustain Talk,4,0
MI-MAINEXP-7750069,Cultivating Change Talk,2,0
MI-MAINEXP-53873110,Softening Sustain Talk,4,0
MI-MAINEXP-77456304,Empathy,4,0
MI-MAINEXP-53873110,Partnership,4,0
MI-MAINEXP-53873110,Empathy,3,0
MI-MAINEXP-31649653,Empathy,4,0
MI-MAINEXP-31651258,Cultivating Change Talk,2,0
MI-MAINEXP-7750069,Softening Sustain Talk,4,0
MI-MAINEXP-7750069,Empathy,4,0
MI-MAINEXP-31651258,Softening Sustain Talk,4,0
MI-MAINEXP-53875271,Cultivating Change Talk,2,0
MI-MAINEXP-7750069,Partnership,4,0
MI-MAINEXP-31651258,Partnership,4,0
MI-MAINEXP-77971583,Cultivating Change Talk,1,0
MI-MAINEXP-53875271,Softening Sustain Talk,4,0
MI-MAINEXP-31651258,Empathy,3,0
MI-MAINEXP-53875271,Partnership,-999,"Expecting ',' delimiter: line 1 column 280 (char 279)"
MI-MAINEXP-53875271,Empathy,4,0
MI-MAINEXP-31677543,Cultivating Change Talk,2,0
MI-MAINEXP-77971583,Softening Sustain Talk,4,0
MI-MAINEXP-77971583,Partnership,4,0
MI-MAINEXP-77971583,Empathy,3,0
MI-MAINEXP-54044905,Cultivating Change Talk,2,0
MI-MAINEXP-31677543,Partnership,4,0
MI-MAINEXP-31677543,Softening Sustain Talk,4,0
MI-MAINEXP-31677543,Empathy,4,0
MI-MAINEXP-78045359,Cultivating Change Talk,2,0
MI-MAINEXP-54044905,Softening Sustain Talk,4,0
MI-MAINEXP-54044905,Partnership,4,0
MI-MAINEXP-54044905,Empathy,4,0
MI-MAINEXP-78045359,Partnership,4,0
MI-MAINEXP-78045359,Empathy,3,0
MI-MAINEXP-31711807,Cultivating Change Talk,2,0
MI-MAINEXP-54158966,Cultivating Change Talk,2,0
MI-MAINEXP-31711807,Softening Sustain Talk,4,0
MI-MAINEXP-78045359,Softening Sustain Talk,4,0
MI-MAINEXP-78306739,Cultivating Change Talk,2,0
MI-MAINEXP-31711807,Partnership,3,0
MI-MAINEXP-31711807,Empathy,4,0
MI-MAINEXP-54158966,Partnership,3,0
MI-MAINEXP-31809722,Cultivating Change Talk,2,0
MI-MAINEXP-54158966,Softening Sustain Talk,4,0
MI-MAINEXP-54158966,Empathy,3,0
MI-MAINEXP-78306739,Partnership,4,0
MI-MAINEXP-78306739,Empathy,4,0
MI-MAINEXP-78306739,Softening Sustain Talk,4,0
MI-MAINEXP-5429778,Cultivating Change Talk,2,0
MI-MAINEXP-31809722,Softening Sustain Talk,4,0
MI-MAINEXP-31809722,Partnership,4,0
MI-MAINEXP-31809722,Empathy,4,0
MI-MAINEXP-5429778,Partnership,3,0
MI-MAINEXP-78380712,Cultivating Change Talk,2,0
MI-MAINEXP-5429778,Softening Sustain Talk,4,0
MI-MAINEXP-78380712,Partnership,3,0
MI-MAINEXP-3211511,Cultivating Change Talk,2,0
MI-MAINEXP-78380712,Softening Sustain Talk,4,0
MI-MAINEXP-5429778,Empathy,3,0
MI-MAINEXP-5450507,Cultivating Change Talk,1,0
MI-MAINEXP-3211511,Softening Sustain Talk,4,0
MI-MAINEXP-78380712,Empathy,4,0
MI-MAINEXP-3211511,Partnership,4,0
MI-MAINEXP-2605799,Partnership,4,0
MI-MAINEXP-78436121,Cultivating Change Talk,2,0
MI-MAINEXP-5450507,Softening Sustain Talk,4,0
MI-MAINEXP-28995280,Empathy,4,0
MI-MAINEXP-5030831,Partnership,4,0
MI-MAINEXP-2605799,Empathy,4,0
MI-MAINEXP-5030831,Empathy,3,0
MI-MAINEXP-29111480,Cultivating Change Talk,1,0
MI-MAINEXP-99027880,Cultivating Change Talk,2,0
MI-MAINEXP-26079391,Cultivating Change Talk,2,0
MI-MAINEXP-50471892,Cultivating Change Talk,2,0
MI-MAINEXP-99027880,Partnership,4,0
MI-MAINEXP-99027880,Softening Sustain Talk,4,0
MI-MAINEXP-29111480,Softening Sustain Talk,4,0
MI-MAINEXP-29111480,Partnership,3,0
MI-MAINEXP-99027880,Empathy,4,0
MI-MAINEXP-26079391,Partnership,3,0
MI-MAINEXP-26079391,Softening Sustain Talk,4,0
MI-MAINEXP-29111480,Empathy,4,0
MI-MAINEXP-99123195,Cultivating Change Talk,1,0
MI-MAINEXP-50471892,Partnership,4,0
MI-MAINEXP-26079391,Empathy,4,0
MI-MAINEXP-50471892,Softening Sustain Talk,4,0
MI-MAINEXP-29306942,Cultivating Change Talk,2,0
MI-MAINEXP-99123195,Softening Sustain Talk,4,0
MI-MAINEXP-50472665,Cultivating Change Talk,2,0
MI-MAINEXP-29306942,Softening Sustain Talk,4,0
MI-MAINEXP-99123195,Partnership,4,0
MI-MAINEXP-29306942,Partnership,3,0
MI-MAINEXP-2628620,Cultivating Change Talk,3,0
MI-MAINEXP-99123195,Empathy,2,0
MI-MAINEXP-50471892,Empathy,3,0
MI-MAINEXP-2628620,Softening Sustain Talk,4,0
MI-MAINEXP-29306942,Empathy,4,0
MI-MAINEXP-50472665,Softening Sustain Talk,4,0
MI-MAINEXP-2628620,Partnership,3,0
MI-MAINEXP-50472665,Partnership,4,0
MI-MAINEXP-99157139,Cultivating Change Talk,2,0
MI-MAINEXP-2628620,Empathy,3,0
MI-MAINEXP-50472665,Empathy,4,0
MI-MAINEXP-29339362,Cultivating Change Talk,2,0
MI-MAINEXP-26296639,Cultivating Change Talk,2,0
MI-MAINEXP-29339362,Softening Sustain Talk,4,0
MI-MAINEXP-50477924,Cultivating Change Talk,2,0
MI-MAINEXP-99157139,Softening Sustain Talk,4,0
MI-MAINEXP-29339362,Partnership,2,0
MI-MAINEXP-26296639,Softening Sustain Talk,4,0
MI-MAINEXP-99157139,Partnership,4,0
MI-MAINEXP-29339362,Empathy,4,0
MI-MAINEXP-99157139,Empathy,4,0
MI-MAINEXP-26296639,Partnership,3,0
MI-MAINEXP-50477924,Partnership,4,0
MI-MAINEXP-99232563,Cultivating Change Talk,2,0
MI-MAINEXP-26296639,Empathy,3,0
MI-MAINEXP-50477924,Softening Sustain Talk,4,0
MI-MAINEXP-29346706,Cultivating Change Talk,3,0
MI-MAINEXP-50477924,Empathy,4,0
MI-MAINEXP-26407166,Cultivating Change Talk,2,0
MI-MAINEXP-50600664,Cultivating Change Talk,1,0
MI-MAINEXP-29346706,Softening Sustain Talk,4,0
MI-MAINEXP-99232563,Softening Sustain Talk,4,0
MI-MAINEXP-99232563,Partnership,4,0
MI-MAINEXP-26407166,Softening Sustain Talk,4,0
MI-MAINEXP-29346706,Partnership,4,0
MI-MAINEXP-99232563,Empathy,4,0
MI-MAINEXP-29346706,Empathy,4,0
MI-MAINEXP-50600664,Softening Sustain Talk,4,0
MI-MAINEXP-26407166,Partnership,4,0
MI-MAINEXP-26407166,Empathy,3,0
MI-MAINEXP-50600664,Partnership,4,0
MI-MAINEXP-29459756,Cultivating Change Talk,2,0
MI-MAINEXP-99242356,Cultivating Change Talk,1,0
MI-MAINEXP-50600664,Empathy,3,0
MI-MAINEXP-50725993,Cultivating Change Talk,2,0
MI-MAINEXP-27309411,Cultivating Change Talk,2,0
MI-MAINEXP-27309411,Softening Sustain Talk,4,0
MI-MAINEXP-29459756,Partnership,4,0
MI-MAINEXP-99242356,Partnership,4,0
MI-MAINEXP-29459756,Softening Sustain Talk,4,0
MI-MAINEXP-99242356,Softening Sustain Talk,4,0
MI-MAINEXP-99242356,Empathy,4,0
MI-MAINEXP-29459756,Empathy,4,0
MI-MAINEXP-50725993,Softening Sustain Talk,4,0
MI-MAINEXP-27309411,Empathy,4,0
MI-MAINEXP-99675324,Cultivating Change Talk,2,0
MI-MAINEXP-50725993,Partnership,3,0
MI-MAINEXP-27309411,Partnership,4,0
MI-MAINEXP-50725993,Empathy,4,0
MI-MAINEXP-27324787,Cultivating Change Talk,2,0
MI-MAINEXP-29657334,Cultivating Change Talk,1,0
MI-MAINEXP-5082463,Cultivating Change Talk,2,0
MI-MAINEXP-99675324,Softening Sustain Talk,4,0
MI-MAINEXP-29657334,Softening Sustain Talk,4,0
MI-MAINEXP-99675324,Partnership,3,0
MI-MAINEXP-29657334,Partnership,3,0
MI-MAINEXP-27324787,Softening Sustain Talk,4,0
MI-MAINEXP-99675324,Empathy,4,0
MI-MAINEXP-5082463,Softening Sustain Talk,4,0
MI-MAINEXP-27324787,Partnership,4,0
MI-MAINEXP-5082463,Partnership,3,0
MI-MAINEXP-99800649,Cultivating Change Talk,1,0
MI-MAINEXP-29657334,Empathy,4,0
MI-MAINEXP-27324787,Empathy,4,0
MI-MAINEXP-29664586,Cultivating Change Talk,2,0
MI-MAINEXP-99800649,Softening Sustain Talk,4,0
MI-MAINEXP-27590220,Cultivating Change Talk,2,0
MI-MAINEXP-5082463,Empathy,3,0
MI-MAINEXP-27590220,Softening Sustain Talk,4,0
MI-MAINEXP-99800649,Partnership,4,0
MI-MAINEXP-50885801,Cultivating Change Talk,2,0
MI-MAINEXP-29664586,Softening Sustain Talk,4,0
MI-MAINEXP-29664586,Partnership,4,0
MI-MAINEXP-50885801,Softening Sustain Talk,4,0
MI-MAINEXP-27590220,Partnership,3,0
MI-MAINEXP-50885801,Partnership,3,0
MI-MAINEXP-27590220,Empathy,4,0
MI-MAINEXP-99821484,Cultivating Change Talk,2,0
MI-MAINEXP-50885801,Empathy,4,0
MI-MAINEXP-29950532,Cultivating Change Talk,2,0
MI-MAINEXP-99800649,Empathy,4,0
MI-MAINEXP-27667710,Cultivating Change Talk,2,0
MI-MAINEXP-29664586,Empathy,4,0
MI-MAINEXP-99821484,Softening Sustain Talk,4,0
MI-MAINEXP-51356353,Cultivating Change Talk,2,0
MI-MAINEXP-99821484,Partnership,3,0
MI-MAINEXP-29950532,Softening Sustain Talk,4,0
MI-MAINEXP-71356663,Cultivating Change Talk,2,0
MI-MAINEXP-95350847,Empathy,4,0
MI-MAINEXP-46951885,Partnership,4,0
MI-MAINEXP-7433287,Softening Sustain Talk,4,0
MI-MAINEXP-7433287,Partnership,4,0
MI-MAINEXP-46951885,Empathy,3,0
MI-MAINEXP-95531422,Cultivating Change Talk,2,0
MI-MAINEXP-71356663,Softening Sustain Talk,4,0
MI-MAINEXP-46951885,Softening Sustain Talk,4,0
MI-MAINEXP-7433287,Empathy,4,0
MI-MAINEXP-71356663,Partnership,4,0
MI-MAINEXP-71356663,Empathy,4,0
MI-MAINEXP-47259248,Cultivating Change Talk,2,0
MI-MAINEXP-74904497,Cultivating Change Talk,2,0
MI-MAINEXP-95531422,Partnership,4,0
MI-MAINEXP-47259248,Softening Sustain Talk,4,0
MI-MAINEXP-95531422,Empathy,4,0
MI-MAINEXP-95531422,Softening Sustain Talk,4,0
MI-MAINEXP-7140600,Cultivating Change Talk,3,0
MI-MAINEXP-47259248,Partnership,4,0
MI-MAINEXP-74904497,Partnership,3,0
MI-MAINEXP-7140600,Partnership,4,0
MI-MAINEXP-9554670,Cultivating Change Talk,2,0
MI-MAINEXP-74904497,Softening Sustain Talk,3,0
MI-MAINEXP-74904497,Empathy,3,0
MI-MAINEXP-7140600,Softening Sustain Talk,3,0
MI-MAINEXP-47259248,Empathy,4,0
MI-MAINEXP-47311295,Cultivating Change Talk,2,0
MI-MAINEXP-9554670,Softening Sustain Talk,4,0
MI-MAINEXP-75126208,Cultivating Change Talk,1,0
MI-MAINEXP-7140600,Empathy,4,0
MI-MAINEXP-9554670,Partnership,3,0
MI-MAINEXP-71552639,Cultivating Change Talk,1,0
MI-MAINEXP-47311295,Softening Sustain Talk,4,0
MI-MAINEXP-75126208,Softening Sustain Talk,4,0
MI-MAINEXP-9554670,Empathy,4,0
MI-MAINEXP-47311295,Partnership,4,0
MI-MAINEXP-71552639,Softening Sustain Talk,4,0
MI-MAINEXP-95619025,Cultivating Change Talk,2,0
MI-MAINEXP-75126208,Partnership,4,0
MI-MAINEXP-47311295,Empathy,4,0
MI-MAINEXP-75126208,Empathy,2,0
MI-MAINEXP-95619025,Softening Sustain Talk,4,0
MI-MAINEXP-47321853,Cultivating Change Talk,2,0
MI-MAINEXP-71552639,Partnership,4,0
MI-MAINEXP-71552639,Empathy,4,0
MI-MAINEXP-95619025,Partnership,2,0
MI-MAINEXP-75144449,Cultivating Change Talk,2,0
MI-MAINEXP-71593717,Cultivating Change Talk,2,0
MI-MAINEXP-47321853,Softening Sustain Talk,3,0
MI-MAINEXP-47321853,Partnership,4,0
MI-MAINEXP-75144449,Softening Sustain Talk,4,0
MI-MAINEXP-95619025,Empathy,3,0
MI-MAINEXP-75144449,Partnership,4,0
MI-MAINEXP-47321853,Empathy,2,0
MI-MAINEXP-95744245,Cultivating Change Talk,2,0
MI-MAINEXP-71593717,Softening Sustain Talk,4,0
MI-MAINEXP-71593717,Partnership,3,0
MI-MAINEXP-75144449,Empathy,4,0
MI-MAINEXP-47470006,Cultivating Change Talk,2,0
MI-MAINEXP-71593717,Empathy,4,0
MI-MAINEXP-75342078,Cultivating Change Talk,2,0
MI-MAINEXP-95744245,Partnership,4,0
MI-MAINEXP-71883198,Cultivating Change Talk,2,0
MI-MAINEXP-95744245,Empathy,4,0
MI-MAINEXP-47470006,Partnership,3,0
MI-MAINEXP-95744245,Softening Sustain Talk,4,0
MI-MAINEXP-47470006,Softening Sustain Talk,3,0
MI-MAINEXP-75342078,Partnership,4,0
MI-MAINEXP-96071409,Cultivating Change Talk,2,0
MI-MAINEXP-71883198,Softening Sustain Talk,4,0
MI-MAINEXP-75342078,Softening Sustain Talk,4,0
MI-MAINEXP-47470006,Empathy,4,0
MI-MAINEXP-71883198,Partnership,4,0
MI-MAINEXP-75342078,Empathy,4,0
MI-MAINEXP-4753478,Cultivating Change Talk,2,0
MI-MAINEXP-71883198,Empathy,4,0
MI-MAINEXP-96071409,Softening Sustain Talk,4,0
MI-MAINEXP-71953819,Cultivating Change Talk,2,0
MI-MAINEXP-75548879,Cultivating Change Talk,2,0
MI-MAINEXP-96071409,Partnership,4,0
MI-MAINEXP-4753478,Softening Sustain Talk,4,0
MI-MAINEXP-96071409,Empathy,4,0
MI-MAINEXP-4753478,Partnership,3,0
MI-MAINEXP-75548879,Softening Sustain Talk,4,0
MI-MAINEXP-4753478,Empathy,4,0
MI-MAINEXP-75548879,Partnership,4,0
MI-MAINEXP-75548879,Empathy,3,0
MI-MAINEXP-71953819,Partnership,4,0
MI-MAINEXP-96203029,Cultivating Change Talk,2,0
MI-MAINEXP-47827548,Cultivating Change Talk,2,0
MI-MAINEXP-96203029,Softening Sustain Talk,4,0
MI-MAINEXP-71953819,Empathy,4,0
MI-MAINEXP-75620453,Cultivating Change Talk,2,0
MI-MAINEXP-72026216,Cultivating Change Talk,3,0
MI-MAINEXP-96203029,Partnership,3,0
MI-MAINEXP-96203029,Empathy,4,0
MI-MAINEXP-47827548,Softening Sustain Talk,4,0
MI-MAINEXP-47827548,Partnership,4,0
MI-MAINEXP-72026216,Softening Sustain Talk,4,0
MI-MAINEXP-75620453,Partnership,4,0
MI-MAINEXP-75620453,Softening Sustain Talk,4,0
MI-MAINEXP-47827548,Empathy,3,0
MI-MAINEXP-96226260,Cultivating Change Talk,2,0
MI-MAINEXP-72026216,Partnership,2,0
MI-MAINEXP-72026216,Empathy,4,0
MI-MAINEXP-75620453,Empathy,4,0
MI-MAINEXP-96226260,Softening Sustain Talk,4,0
MI-MAINEXP-96226260,Partnership,3,0
MI-MAINEXP-48051601,Cultivating Change Talk,2,0
MI-MAINEXP-75660840,Cultivating Change Talk,2,0
MI-MAINEXP-71953819,Softening Sustain Talk,4,0
MI-MAINEXP-96226260,Empathy,3,0
MI-MAINEXP-75660840,Partnership,4,0
MI-MAINEXP-48051601,Softening Sustain Talk,4,0
MI-MAINEXP-72158208,Cultivating Change Talk,2,0
MI-MAINEXP-48051601,Partnership,4,0
MI-MAINEXP-96248795,Cultivating Change Talk,2,0
MI-MAINEXP-72158208,Softening Sustain Talk,4,0
MI-MAINEXP-72158208,Partnership,4,0
MI-MAINEXP-75660840,Softening Sustain Talk,4,0
MI-MAINEXP-75660840,Empathy,4,0
MI-MAINEXP-23741086,Partnership,4,0
MI-MAINEXP-96248795,Softening Sustain Talk,4,0
MI-MAINEXP-48051601,Empathy,4,0
MI-MAINEXP-23741086,Softening Sustain Talk,4,0
MI-MAINEXP-23741086,Empathy,4,0
MI-MAINEXP-23837942,Cultivating Change Talk,2,0
MI-MAINEXP-23837942,Softening Sustain Talk,4,0
MI-MAINEXP-23837942,Empathy,4,0
MI-MAINEXP-23990885,Cultivating Change Talk,2,0
MI-MAINEXP-23837942,Partnership,3,0
MI-MAINEXP-23990885,Empathy,4,0
MI-MAINEXP-23990885,Partnership,4,0
MI-MAINEXP-23990885,Softening Sustain Talk,4,0
MI-MAINEXP-23999056,Cultivating Change Talk,2,0
MI-MAINEXP-23999056,Empathy,4,0
MI-MAINEXP-23999056,Softening Sustain Talk,4,0
MI-MAINEXP-24073592,Cultivating Change Talk,2,0
MI-MAINEXP-24073592,Empathy,4,0
MI-MAINEXP-23999056,Partnership,4,0
MI-MAINEXP-24073592,Softening Sustain Talk,4,0
MI-MAINEXP-24073592,Partnership,4,0
MI-MAINEXP-24379897,Partnership,4,0
MI-MAINEXP-24379897,Empathy,4,0
MI-MAINEXP-24379897,Softening Sustain Talk,3,0
MI-MAINEXP-24379897,Cultivating Change Talk,2,0
MI-MAINEXP-24649973,Cultivating Change Talk,2,0
MI-MAINEXP-24649973,Partnership,4,0
MI-MAINEXP-24649973,Empathy,4,0
MI-MAINEXP-24649973,Softening Sustain Talk,4,0
MI-MAINEXP-24745509,Empathy,4,0
MI-MAINEXP-24745509,Cultivating Change Talk,2,0
MI-MAINEXP-24745509,Partnership,3,0
MI-MAINEXP-24745509,Softening Sustain Talk,4,0
MI-MAINEXP-93045566,Partnership,3,0
MI-MAINEXP-43859030,Cultivating Change Talk,2,0
MI-MAINEXP-4083823,Empathy,4,0
MI-MAINEXP-93045566,Empathy,4,0
MI-MAINEXP-68205916,Empathy,4,0
MI-MAINEXP-43859030,Softening Sustain Talk,4,0
MI-MAINEXP-40859272,Cultivating Change Talk,2,0
MI-MAINEXP-68475984,Cultivating Change Talk,2,0
MI-MAINEXP-40859272,Softening Sustain Talk,4,0
MI-MAINEXP-93092023,Cultivating Change Talk,1,0
MI-MAINEXP-43859030,Empathy,4,0
MI-MAINEXP-68475984,Softening Sustain Talk,4,0
MI-MAINEXP-68475984,Partnership,3,0
MI-MAINEXP-40859272,Partnership,4,0
MI-MAINEXP-43859030,Partnership,3,0
MI-MAINEXP-40859272,Empathy,4,0
MI-MAINEXP-93092023,Softening Sustain Talk,4,0
MI-MAINEXP-93092023,Partnership,4,0
MI-MAINEXP-68475984,Empathy,3,0
MI-MAINEXP-43906470,Cultivating Change Talk,2,0
MI-MAINEXP-43906470,Softening Sustain Talk,3,0
MI-MAINEXP-40986368,Cultivating Change Talk,1,0
MI-MAINEXP-68730924,Cultivating Change Talk,2,0
MI-MAINEXP-40986368,Softening Sustain Talk,4,0
MI-MAINEXP-43906470,Partnership,4,0
MI-MAINEXP-93092023,Empathy,4,0
MI-MAINEXP-43906470,Empathy,4,0
MI-MAINEXP-93312895,Cultivating Change Talk,2,0
MI-MAINEXP-40986368,Partnership,3,0
MI-MAINEXP-68730924,Softening Sustain Talk,4,0
MI-MAINEXP-40986368,Empathy,3,0
MI-MAINEXP-43953298,Cultivating Change Talk,2,0
MI-MAINEXP-68730924,Partnership,4,0
MI-MAINEXP-93312895,Softening Sustain Talk,4,0
MI-MAINEXP-41067079,Cultivating Change Talk,2,0
MI-MAINEXP-68800789,Cultivating Change Talk,2,0
MI-MAINEXP-68730924,Empathy,4,0
MI-MAINEXP-93312895,Partnership,4,0
MI-MAINEXP-93312895,Empathy,4,0
MI-MAINEXP-43953298,Partnership,3,0
MI-MAINEXP-41067079,Softening Sustain Talk,4,0
MI-MAINEXP-43953298,Softening Sustain Talk,4,0
MI-MAINEXP-41067079,Partnership,4,0
MI-MAINEXP-68800789,Partnership,2,0
MI-MAINEXP-93315860,Cultivating Change Talk,2,0
MI-MAINEXP-43953298,Empathy,4,0
MI-MAINEXP-68800789,Softening Sustain Talk,4,0
MI-MAINEXP-93315860,Softening Sustain Talk,4,0
MI-MAINEXP-44094897,Cultivating Change Talk,2,0
MI-MAINEXP-41067079,Empathy,4,0
MI-MAINEXP-69320811,Cultivating Change Talk,1,0
MI-MAINEXP-93315860,Partnership,4,0
MI-MAINEXP-68800789,Empathy,3,0
MI-MAINEXP-41136933,Cultivating Change Talk,2,0
MI-MAINEXP-44094897,Softening Sustain Talk,4,0
MI-MAINEXP-93315860,Empathy,4,0
MI-MAINEXP-41136933,Partnership,4,0
MI-MAINEXP-44094897,Empathy,4,0
MI-MAINEXP-41136933,Softening Sustain Talk,5,0
MI-MAINEXP-93395458,Cultivating Change Talk,2,0
MI-MAINEXP-44094897,Partnership,3,0
MI-MAINEXP-69320811,Partnership,2,0
MI-MAINEXP-69320811,Softening Sustain Talk,4,0
MI-MAINEXP-69320811,Empathy,4,0
MI-MAINEXP-41136933,Empathy,4,0
MI-MAINEXP-93395458,Softening Sustain Talk,4,0
MI-MAINEXP-41196530,Cultivating Change Talk,2,0
MI-MAINEXP-93395458,Empathy,4,0
MI-MAINEXP-44500404,Softening Sustain Talk,4,0
MI-MAINEXP-44500404,Cultivating Change Talk,2,0
MI-MAINEXP-69375232,Cultivating Change Talk,1,0
MI-MAINEXP-44500404,Partnership,4,0
MI-MAINEXP-41196530,Softening Sustain Talk,4,0
MI-MAINEXP-44500404,Empathy,4,0
MI-MAINEXP-93418593,Cultivating Change Talk,2,0
MI-MAINEXP-69375232,Softening Sustain Talk,4,0
MI-MAINEXP-69375232,Partnership,4,0
MI-MAINEXP-41196530,Partnership,4,0
MI-MAINEXP-41196530,Empathy,3,0
MI-MAINEXP-93418593,Softening Sustain Talk,4,0
MI-MAINEXP-69375232,Empathy,4,0
MI-MAINEXP-44572276,Cultivating Change Talk,2,0
MI-MAINEXP-93418593,Partnership,3,0
MI-MAINEXP-44572276,Softening Sustain Talk,4,0
MI-MAINEXP-41303970,Cultivating Change Talk,2,0
MI-MAINEXP-69720926,Cultivating Change Talk,2,0
MI-MAINEXP-93418593,Empathy,4,0
MI-MAINEXP-44572276,Partnership,4,0
MI-MAINEXP-41303970,Softening Sustain Talk,4,0
MI-MAINEXP-93395458,Partnership,4,0
MI-MAINEXP-93650244,Cultivating Change Talk,2,0
MI-MAINEXP-44572276,Empathy,3,0
MI-MAINEXP-41303970,Partnership,4,0
MI-MAINEXP-69720926,Partnership,4,0
MI-MAINEXP-69720926,Softening Sustain Talk,4,0
MI-MAINEXP-41303970,Empathy,3,0
MI-MAINEXP-44638039,Cultivating Change Talk,2,0
MI-MAINEXP-69720926,Empathy,3,0
MI-MAINEXP-93650244,Partnership,4,0
MI-MAINEXP-41362148,Cultivating Change Talk,2,0
MI-MAINEXP-93650244,Softening Sustain Talk,4,0
MI-MAINEXP-69797779,Cultivating Change Talk,2,0
MI-MAINEXP-44638039,Softening Sustain Talk,4,0
MI-MAINEXP-93650244,Empathy,4,0
MI-MAINEXP-44638039,Partnership,4,0
MI-MAINEXP-41362148,Softening Sustain Talk,4,0
MI-MAINEXP-44638039,Empathy,4,0
MI-MAINEXP-69797779,Softening Sustain Talk,4,0
MI-MAINEXP-93727680,Cultivating Change Talk,2,0
MI-MAINEXP-41362148,Partnership,4,0
MI-MAINEXP-69797779,Partnership,4,0
MI-MAINEXP-41362148,Empathy,3,0
MI-MAINEXP-93727680,Softening Sustain Talk,4,0
MI-MAINEXP-45028619,Cultivating Change Talk,2,0
MI-MAINEXP-41451249,Cultivating Change Talk,2,0
MI-MAINEXP-93727680,Partnership,4,0
MI-MAINEXP-69834586,Cultivating Change Talk,2,0
MI-MAINEXP-69797779,Empathy,3,0
MI-MAINEXP-45028619,Softening Sustain Talk,4,0
MI-MAINEXP-41451249,Softening Sustain Talk,4,0
MI-MAINEXP-45028619,Partnership,4,0
MI-MAINEXP-93727680,Empathy,3,0
MI-MAINEXP-18890216,Empathy,4,0
MI-MAINEXP-93786446,Cultivating Change Talk,1,0
MI-MAINEXP-21186349,Cultivating Change Talk,2,0
MI-MAINEXP-69834586,Softening Sustain Talk,4,0
MI-MAINEXP-65320044,Partnership,2,0
MI-MAINEXP-21186349,Softening Sustain Talk,4,0
MI-MAINEXP-21186349,Partnership,2,0
MI-MAINEXP-65320044,Empathy,3,0
MI-MAINEXP-19028060,Cultivating Change Talk,2,0
MI-MAINEXP-19028060,Partnership,4,0
MI-MAINEXP-19028060,Softening Sustain Talk,4,0
MI-MAINEXP-6535290,Cultivating Change Talk,2,0
MI-MAINEXP-21186349,Empathy,4,0
MI-MAINEXP-19028060,Empathy,4,0
MI-MAINEXP-21271494,Cultivating Change Talk,2,0
MI-MAINEXP-6535290,Partnership,3,0
MI-MAINEXP-6535290,Softening Sustain Talk,4,0
MI-MAINEXP-19083364,Cultivating Change Talk,2,0
MI-MAINEXP-21271494,Partnership,3,0
MI-MAINEXP-21271494,Empathy,3,0
MI-MAINEXP-19083364,Partnership,3,0
MI-MAINEXP-19083364,Softening Sustain Talk,4,0
MI-MAINEXP-65389838,Cultivating Change Talk,2,0
MI-MAINEXP-6535290,Empathy,4,0
MI-MAINEXP-21271494,Softening Sustain Talk,4,0
MI-MAINEXP-65389838,Softening Sustain Talk,4,0
MI-MAINEXP-19083364,Empathy,4,0
MI-MAINEXP-1936312,Cultivating Change Talk,2,0
MI-MAINEXP-21366413,Cultivating Change Talk,2,0
MI-MAINEXP-65389838,Partnership,3,0
MI-MAINEXP-21366413,Partnership,4,0
MI-MAINEXP-21366413,Softening Sustain Talk,4,0
MI-MAINEXP-21366413,Empathy,3,0
MI-MAINEXP-65446962,Cultivating Change Talk,2,0
MI-MAINEXP-65389838,Empathy,4,0
MI-MAINEXP-1936312,Partnership,4,0
MI-MAINEXP-1936312,Softening Sustain Talk,3,0
MI-MAINEXP-65446962,Softening Sustain Talk,4,0
MI-MAINEXP-21448048,Cultivating Change Talk,2,0
MI-MAINEXP-65446962,Partnership,4,0
MI-MAINEXP-19800182,Cultivating Change Talk,2,0
MI-MAINEXP-1936312,Empathy,4,0
MI-MAINEXP-21448048,Softening Sustain Talk,4,0
MI-MAINEXP-21448048,Partnership,3,0
MI-MAINEXP-19800182,Softening Sustain Talk,4,0
MI-MAINEXP-65446962,Empathy,4,0
MI-MAINEXP-19800182,Partnership,4,0
MI-MAINEXP-21448048,Empathy,4,0
MI-MAINEXP-65457517,Cultivating Change Talk,2,0
MI-MAINEXP-65457517,Softening Sustain Talk,4,0
MI-MAINEXP-65457517,Partnership,3,0
MI-MAINEXP-20036784,Cultivating Change Talk,2,0
MI-MAINEXP-19800182,Empathy,4,0
MI-MAINEXP-65457517,Empathy,4,0
MI-MAINEXP-21457339,Cultivating Change Talk,1,0
MI-MAINEXP-21457339,Partnership,4,0
MI-MAINEXP-21457339,Softening Sustain Talk,4,0
MI-MAINEXP-20036784,Softening Sustain Talk,4,0
MI-MAINEXP-65741680,Cultivating Change Talk,2,0
MI-MAINEXP-21457339,Empathy,3,0
MI-MAINEXP-20036784,Empathy,3,0
MI-MAINEXP-20036784,Partnership,4,0
MI-MAINEXP-65741680,Partnership,4,0
MI-MAINEXP-21499496,Cultivating Change Talk,1,0
MI-MAINEXP-65741680,Softening Sustain Talk,4,0
MI-MAINEXP-65741680,Empathy,4,0
MI-MAINEXP-21499496,Partnership,4,0
MI-MAINEXP-20065989,Cultivating Change Talk,3,0
MI-MAINEXP-21499496,Softening Sustain Talk,4,0
MI-MAINEXP-20065989,Softening Sustain Talk,4,0
MI-MAINEXP-20065989,Partnership,4,0
MI-MAINEXP-21499496,Empathy,4,0
MI-MAINEXP-21548184,Cultivating Change Talk,2,0
MI-MAINEXP-65933652,Partnership,3,0
MI-MAINEXP-20065989,Empathy,4,0
MI-MAINEXP-65933652,Softening Sustain Talk,4,0
MI-MAINEXP-65933652,Empathy,4,0
MI-MAINEXP-65933652,Cultivating Change Talk,1,0
MI-MAINEXP-20109540,Cultivating Change Talk,2,0
MI-MAINEXP-21548184,Softening Sustain Talk,4,0
MI-MAINEXP-21548184,Partnership,4,0
MI-MAINEXP-66014332,Cultivating Change Talk,2,0
MI-MAINEXP-20109540,Softening Sustain Talk,4,0
MI-MAINEXP-20109540,Partnership,3,0
MI-MAINEXP-20109540,Empathy,4,0
MI-MAINEXP-21548184,Empathy,4,0
MI-MAINEXP-21860228,Cultivating Change Talk,2,0
MI-MAINEXP-66014332,Partnership,4,0
MI-MAINEXP-66014332,Softening Sustain Talk,4,0
MI-MAINEXP-66014332,Empathy,4,0
MI-MAINEXP-21860228,Softening Sustain Talk,4,0
MI-MAINEXP-20146123,Cultivating Change Talk,2,0
MI-MAINEXP-66060144,Cultivating Change Talk,2,0
MI-MAINEXP-21860228,Partnership,4,0
MI-MAINEXP-20146123,Softening Sustain Talk,4,0
MI-MAINEXP-38622113,Partnership,4,0
MI-MAINEXP-16362106,Partnership,3,0
MI-MAINEXP-16362106,Empathy,4,0
MI-MAINEXP-38622113,Empathy,4,0
MI-MAINEXP-16402581,Cultivating Change Talk,2,0
MI-MAINEXP-38778820,Cultivating Change Talk,1,0
MI-MAINEXP-16402581,Empathy,4,0
MI-MAINEXP-38778820,Partnership,4,0
MI-MAINEXP-16402581,Softening Sustain Talk,4,0
MI-MAINEXP-38778820,Softening Sustain Talk,4,0
MI-MAINEXP-16402581,Partnership,4,0
MI-MAINEXP-38778820,Empathy,4,0
MI-MAINEXP-16488972,Cultivating Change Talk,2,0
MI-MAINEXP-38791427,Cultivating Change Talk,2,0
MI-MAINEXP-16488972,Softening Sustain Talk,4,0
MI-MAINEXP-16488972,Empathy,4,0
MI-MAINEXP-38791427,Partnership,4,0
MI-MAINEXP-38791427,Empathy,4,0
MI-MAINEXP-16488972,Partnership,4,0
MI-MAINEXP-38791427,Softening Sustain Talk,4,0
MI-MAINEXP-38904742,Cultivating Change Talk,1,0
MI-MAINEXP-16558635,Cultivating Change Talk,2,0
MI-MAINEXP-16558635,Partnership,3,0
MI-MAINEXP-38904742,Partnership,3,0
MI-MAINEXP-38904742,Empathy,4,0
MI-MAINEXP-16558635,Softening Sustain Talk,4,0
MI-MAINEXP-16558635,Empathy,3,0
MI-MAINEXP-38904742,Softening Sustain Talk,4,0
MI-MAINEXP-16804009,Cultivating Change Talk,2,0
MI-MAINEXP-39035442,Cultivating Change Talk,2,0
MI-MAINEXP-16804009,Partnership,4,0
MI-MAINEXP-39035442,Partnership,3,0
MI-MAINEXP-39035442,Empathy,4,0
MI-MAINEXP-39035442,Softening Sustain Talk,4,0
MI-MAINEXP-16804009,Softening Sustain Talk,4,0
MI-MAINEXP-16804009,Empathy,4,0
MI-MAINEXP-16956222,Cultivating Change Talk,2,0
MI-MAINEXP-39063272,Cultivating Change Talk,1,0
MI-MAINEXP-16956222,Empathy,4,0
MI-MAINEXP-16956222,Partnership,4,0
MI-MAINEXP-39063272,Partnership,4,0
MI-MAINEXP-16956222,Softening Sustain Talk,4,0
MI-MAINEXP-39063272,Empathy,4,0
MI-MAINEXP-39063272,Softening Sustain Talk,3,0
MI-MAINEXP-39180362,Softening Sustain Talk,3,0
MI-MAINEXP-16973438,Cultivating Change Talk,2,0
MI-MAINEXP-39180362,Cultivating Change Talk,2,0
MI-MAINEXP-16973438,Partnership,3,0
MI-MAINEXP-16973438,Empathy,4,0
MI-MAINEXP-39180362,Partnership,2,0
MI-MAINEXP-39180362,Empathy,4,0
MI-MAINEXP-16973438,Softening Sustain Talk,4,0
MI-MAINEXP-17102178,Cultivating Change Talk,2,0
MI-MAINEXP-39184068,Cultivating Change Talk,2,0
MI-MAINEXP-17102178,Partnership,4,0
MI-MAINEXP-39184068,Softening Sustain Talk,4,0
MI-MAINEXP-17102178,Softening Sustain Talk,4,0
MI-MAINEXP-17102178,Empathy,4,0
MI-MAINEXP-39184068,Partnership,4,0
MI-MAINEXP-39261849,Cultivating Change Talk,2,0
MI-MAINEXP-17125724,Cultivating Change Talk,2,0
MI-MAINEXP-85150321,Empathy,3,0
MI-MAINEXP-87093714,Cultivating Change Talk,2,0
MI-MAINEXP-36547280,Softening Sustain Talk,4,0
MI-MAINEXP-90253905,Softening Sustain Talk,4,0
MI-MAINEXP-39184068,Empathy,4,0
MI-MAINEXP-61116730,Partnership,4,0
MI-MAINEXP-61116730,Softening Sustain Talk,4,0
MI-MAINEXP-36547280,Partnership,3,0
MI-MAINEXP-8530439,Cultivating Change Talk,2,0
MI-MAINEXP-90253905,Partnership,4,0
MI-MAINEXP-36547280,Empathy,3,0
MI-MAINEXP-61116730,Empathy,4,0
MI-MAINEXP-87093714,Softening Sustain Talk,4,0
MI-MAINEXP-87093714,Partnership,4,0
MI-MAINEXP-90253905,Empathy,4,0
MI-MAINEXP-36768755,Cultivating Change Talk,2,0
MI-MAINEXP-87093714,Empathy,4,0
MI-MAINEXP-61205343,Cultivating Change Talk,2,0
MI-MAINEXP-8530439,Softening Sustain Talk,4,0
MI-MAINEXP-8530439,Partnership,4,0
MI-MAINEXP-8530439,Empathy,4,0
MI-MAINEXP-36768755,Softening Sustain Talk,4,0
MI-MAINEXP-61205343,Softening Sustain Talk,4,0
MI-MAINEXP-8710251,Cultivating Change Talk,2,0
MI-MAINEXP-90368366,Cultivating Change Talk,2,0
MI-MAINEXP-36768755,Partnership,4,0
MI-MAINEXP-61205343,Partnership,2,0
MI-MAINEXP-90368366,Softening Sustain Talk,4,0
MI-MAINEXP-85338404,Cultivating Change Talk,2,0
MI-MAINEXP-61205343,Empathy,3,0
MI-MAINEXP-90368366,Partnership,4,0
MI-MAINEXP-36768755,Empathy,4,0
MI-MAINEXP-8710251,Partnership,4,0
MI-MAINEXP-8710251,Softening Sustain Talk,4,0
MI-MAINEXP-85338404,Softening Sustain Talk,4,0
MI-MAINEXP-90368366,Empathy,3,0
MI-MAINEXP-85338404,Partnership,4,0
MI-MAINEXP-37022175,Cultivating Change Talk,2,0
MI-MAINEXP-6143044,Cultivating Change Talk,2,0
MI-MAINEXP-90368446,Cultivating Change Talk,2,0
MI-MAINEXP-8710251,Empathy,4,0
MI-MAINEXP-6143044,Softening Sustain Talk,4,0
MI-MAINEXP-85338404,Empathy,4,0
MI-MAINEXP-37022175,Softening Sustain Talk,4,0
MI-MAINEXP-37022175,Partnership,4,0
MI-MAINEXP-87224088,Cultivating Change Talk,2,0
MI-MAINEXP-6143044,Partnership,4,0
MI-MAINEXP-85376699,Cultivating Change Talk,2,0
MI-MAINEXP-90368446,Softening Sustain Talk,4,0
MI-MAINEXP-90368446,Partnership,3,0
MI-MAINEXP-6143044,Empathy,3,0
MI-MAINEXP-87224088,Softening Sustain Talk,4,0
MI-MAINEXP-90368446,Empathy,3,0
MI-MAINEXP-85376699,Softening Sustain Talk,4,0
MI-MAINEXP-87224088,Partnership,4,0
MI-MAINEXP-37027300,Cultivating Change Talk,2,0
MI-MAINEXP-37022175,Empathy,4,0
MI-MAINEXP-85376699,Partnership,3,0
MI-MAINEXP-87224088,Empathy,3,0
MI-MAINEXP-90517530,Cultivating Change Talk,2,0
MI-MAINEXP-61443241,Cultivating Change Talk,2,0
MI-MAINEXP-61443241,Softening Sustain Talk,4,0
MI-MAINEXP-87333094,Cultivating Change Talk,2,0
MI-MAINEXP-37027300,Softening Sustain Talk,4,0
MI-MAINEXP-85376699,Empathy,4,0
MI-MAINEXP-37027300,Partnership,4,0
MI-MAINEXP-90517530,Softening Sustain Talk,4,0
MI-MAINEXP-85503043,Cultivating Change Talk,2,0
MI-MAINEXP-61443241,Partnership,3,0
MI-MAINEXP-87333094,Softening Sustain Talk,4,0
MI-MAINEXP-90517530,Partnership,4,0
MI-MAINEXP-61443241,Empathy,3,0
MI-MAINEXP-37027300,Empathy,4,0
MI-MAINEXP-90517530,Empathy,4,0
MI-MAINEXP-85503043,Softening Sustain Talk,4,0
MI-MAINEXP-87333094,Partnership,4,0
MI-MAINEXP-85503043,Partnership,3,0
MI-MAINEXP-61744757,Cultivating Change Talk,2,0
MI-MAINEXP-37194916,Cultivating Change Talk,2,0
MI-MAINEXP-87333094,Empathy,3,0
MI-MAINEXP-85503043,Empathy,3,0
MI-MAINEXP-61744757,Softening Sustain Talk,4,0
MI-MAINEXP-61744757,Partnership,4,0
MI-MAINEXP-87719485,Cultivating Change Talk,3,0
MI-MAINEXP-90519637,Cultivating Change Talk,2,0
MI-MAINEXP-37194916,Softening Sustain Talk,4,0
MI-MAINEXP-37194916,Partnership,4,0
MI-MAINEXP-90519637,Softening Sustain Talk,4,0
MI-MAINEXP-85665344,Cultivating Change Talk,1,0
MI-MAINEXP-87719485,Partnership,4,0
MI-MAINEXP-90519637,Partnership,3,0
MI-MAINEXP-87719485,Softening Sustain Talk,4,0
MI-MAINEXP-37194916,Empathy,4,0
MI-MAINEXP-37237522,Cultivating Change Talk,2,0
MI-MAINEXP-62011265,Cultivating Change Talk,2,0
MI-MAINEXP-61744757,Empathy,4,0
MI-MAINEXP-87719485,Empathy,4,0
MI-MAINEXP-85665344,Softening Sustain Talk,4,0
MI-MAINEXP-85665344,Partnership,4,0
MI-MAINEXP-90519637,Empathy,4,0
MI-MAINEXP-90522586,Cultivating Change Talk,2,0
MI-MAINEXP-37237522,Softening Sustain Talk,4,0
MI-MAINEXP-62011265,Softening Sustain Talk,4,0
MI-MAINEXP-85665344,Empathy,4,0
MI-MAINEXP-87775794,Cultivating Change Talk,2,0
MI-MAINEXP-62011265,Partnership,3,0
MI-MAINEXP-90522586,Softening Sustain Talk,4,0
MI-MAINEXP-8572552,Cultivating Change Talk,2,0
MI-MAINEXP-37237522,Partnership,3,0
MI-MAINEXP-37237522,Empathy,4,0
MI-MAINEXP-90522586,Partnership,3,0
MI-MAINEXP-87775794,Softening Sustain Talk,4,0
MI-MAINEXP-62011265,Empathy,3,0
MI-MAINEXP-87775794,Partnership,4,0
MI-MAINEXP-8572552,Softening Sustain Talk,4,0
MI-MAINEXP-37371113,Cultivating Change Talk,2,0
MI-MAINEXP-90522586,Empathy,4,0
MI-MAINEXP-90549775,Cultivating Change Talk,2,0
MI-MAINEXP-62078306,Cultivating Change Talk,2,0
MI-MAINEXP-87775794,Empathy,4,0
MI-MAINEXP-8572552,Partnership,2,0
MI-MAINEXP-8572552,Empathy,3,0
MI-MAINEXP-62078306,Softening Sustain Talk,4,0
MI-MAINEXP-87831269,Cultivating Change Talk,2,0
MI-MAINEXP-85729158,Cultivating Change Talk,1,0
MI-MAINEXP-37371113,Softening Sustain Talk,4,0
MI-MAINEXP-37371113,Partnership,3,0
MI-MAINEXP-62078306,Partnership,4,0
MI-MAINEXP-90549775,Softening Sustain Talk,3,0
MI-MAINEXP-90549775,Partnership,4,0
MI-MAINEXP-87831269,Softening Sustain Talk,4,0
MI-MAINEXP-37371113,Empathy,3,0
MI-MAINEXP-87831269,Partnership,4,0
MI-MAINEXP-90549775,Empathy,4,0
MI-MAINEXP-37405723,Cultivating Change Talk,1,0
MI-MAINEXP-85729158,Softening Sustain Talk,4,0
MI-MAINEXP-62078306,Empathy,4,0
MI-MAINEXP-62163542,Cultivating Change Talk,2,0
MI-MAINEXP-87831269,Empathy,4,0
MI-MAINEXP-85729158,Partnership,4,0
MI-MAINEXP-90609000,Cultivating Change Talk,2,0
MI-MAINEXP-85729158,Empathy,3,0
MI-MAINEXP-88040440,Cultivating Change Talk,2,0
MI-MAINEXP-62163542,Softening Sustain Talk,4,0
MI-MAINEXP-37405723,Partnership,4,0
MI-MAINEXP-37405723,Softening Sustain Talk,4,0
MI-MAINEXP-62163542,Partnership,3,0
MI-MAINEXP-90609000,Softening Sustain Talk,4,0
MI-MAINEXP-37405723,Empathy,3,0
MI-MAINEXP-62163542,Empathy,4,0
MI-MAINEXP-90609000,Partnership,3,0
MI-MAINEXP-88040440,Softening Sustain Talk,4,0
MI-MAINEXP-88040440,Partnership,4,0
MI-MAINEXP-85757667,Softening Sustain Talk,4,0
MI-MAINEXP-3419491,Partnership,3,0
MI-MAINEXP-3419491,Cultivating Change Talk,2,0
MI-MAINEXP-3419491,Empathy,3,0
MI-MAINEXP-85757667,Cultivating Change Talk,2,0
MI-MAINEXP-3419491,Softening Sustain Talk,4,0
MI-MAINEXP-90609000,Empathy,4,0
MI-MAINEXP-34355177,Cultivating Change Talk,2,0
MI-MAINEXP-34355177,Empathy,4,0
MI-MAINEXP-34361474,Cultivating Change Talk,1,0
MI-MAINEXP-34355177,Partnership,4,0
MI-MAINEXP-34361474,Empathy,4,0
MI-MAINEXP-34361474,Partnership,4,0
MI-MAINEXP-34370180,Cultivating Change Talk,1,0
MI-MAINEXP-34361474,Softening Sustain Talk,4,0
MI-MAINEXP-34355177,Softening Sustain Talk,4,0
MI-MAINEXP-34370180,Empathy,4,0
MI-MAINEXP-34370180,Partnership,3,0
MI-MAINEXP-34419172,Cultivating Change Talk,1,0
MI-MAINEXP-34370180,Softening Sustain Talk,4,0
MI-MAINEXP-34419172,Empathy,3,0
MI-MAINEXP-34419172,Partnership,4,0
MI-MAINEXP-34458118,Cultivating Change Talk,2,0
MI-MAINEXP-34419172,Softening Sustain Talk,4,0
MI-MAINEXP-34458118,Empathy,4,0
MI-MAINEXP-34458118,Partnership,4,0
MI-MAINEXP-34458118,Softening Sustain Talk,4,0
MI-MAINEXP-34588405,Empathy,4,0
MI-MAINEXP-34588405,Softening Sustain Talk,4,0
MI-MAINEXP-34588405,Partnership,4,0
MI-MAINEXP-34588405,Cultivating Change Talk,2,0
MI-MAINEXP-3460019,Cultivating Change Talk,2,0
MI-MAINEXP-3460019,Partnership,4,0
MI-MAINEXP-3460019,Softening Sustain Talk,4,0
MI-MAINEXP-3211511,Empathy,4,0
MI-MAINEXP-13195233,Softening Sustain Talk,3,0
MI-MAINEXP-82597217,Partnership,4,0
MI-MAINEXP-32481655,Cultivating Change Talk,2,0
MI-MAINEXP-5450507,Partnership,3,0
MI-MAINEXP-5450507,Empathy,4,0
MI-MAINEXP-13195233,Partnership,4,0
MI-MAINEXP-82597217,Empathy,3,0
MI-MAINEXP-58379898,Cultivating Change Talk,2,0
MI-MAINEXP-58315039,Empathy,3,0
MI-MAINEXP-13195233,Empathy,3,0
MI-MAINEXP-54517576,Cultivating Change Talk,1,0
MI-MAINEXP-82668665,Cultivating Change Talk,2,0
MI-MAINEXP-13286155,Cultivating Change Talk,2,0
MI-MAINEXP-32481655,Partnership,4,0
MI-MAINEXP-32481655,Softening Sustain Talk,4,0
MI-MAINEXP-58379898,Softening Sustain Talk,4,0
MI-MAINEXP-54517576,Softening Sustain Talk,4,0
MI-MAINEXP-58379898,Partnership,3,0
MI-MAINEXP-32481655,Empathy,4,0
MI-MAINEXP-54517576,Partnership,4,0
MI-MAINEXP-13286155,Softening Sustain Talk,4,0
MI-MAINEXP-58379898,Empathy,3,0
MI-MAINEXP-82668665,Partnership,4,0
MI-MAINEXP-13286155,Partnership,3,0
MI-MAINEXP-32690410,Cultivating Change Talk,1,0
MI-MAINEXP-54517576,Empathy,4,0
MI-MAINEXP-82668665,Softening Sustain Talk,4,0
MI-MAINEXP-58543683,Cultivating Change Talk,3,0
MI-MAINEXP-82668665,Empathy,4,0
MI-MAINEXP-13286155,Empathy,4,0
MI-MAINEXP-54551521,Cultivating Change Talk,2,0
MI-MAINEXP-58543683,Softening Sustain Talk,4,0
MI-MAINEXP-32690410,Softening Sustain Talk,4,0
MI-MAINEXP-13389317,Cultivating Change Talk,1,0
MI-MAINEXP-83036369,Cultivating Change Talk,2,0
MI-MAINEXP-32690410,Partnership,4,0
MI-MAINEXP-58543683,Partnership,3,0
MI-MAINEXP-54551521,Softening Sustain Talk,4,0
MI-MAINEXP-32690410,Empathy,2,0
MI-MAINEXP-83036369,Softening Sustain Talk,4,0
MI-MAINEXP-54551521,Partnership,3,0
MI-MAINEXP-58543683,Empathy,4,0
MI-MAINEXP-13389317,Softening Sustain Talk,4,0
MI-MAINEXP-83036369,Partnership,4,0
MI-MAINEXP-13389317,Partnership,4,0
MI-MAINEXP-3271748,Cultivating Change Talk,2,0
MI-MAINEXP-54551521,Empathy,3,0
MI-MAINEXP-58696651,Cultivating Change Talk,2,0
MI-MAINEXP-83036369,Empathy,4,0
MI-MAINEXP-13389317,Empathy,4,0
MI-MAINEXP-3271748,Softening Sustain Talk,4,0
MI-MAINEXP-5473536,Cultivating Change Talk,1,0
MI-MAINEXP-83043580,Cultivating Change Talk,2,0
MI-MAINEXP-58696651,Softening Sustain Talk,4,0
MI-MAINEXP-3271748,Partnership,4,0
MI-MAINEXP-13615718,Cultivating Change Talk,1,0
MI-MAINEXP-58696651,Partnership,3,0
MI-MAINEXP-5473536,Softening Sustain Talk,4,0
MI-MAINEXP-83043580,Softening Sustain Talk,4,0
MI-MAINEXP-3271748,Empathy,4,0
MI-MAINEXP-58696651,Empathy,4,0
MI-MAINEXP-5473536,Partnership,3,0
MI-MAINEXP-32813718,Cultivating Change Talk,1,0
MI-MAINEXP-13615718,Partnership,4,0
MI-MAINEXP-13615718,Softening Sustain Talk,4,0
MI-MAINEXP-83043580,Partnership,4,0
MI-MAINEXP-5473536,Empathy,4,0
MI-MAINEXP-58796456,Cultivating Change Talk,2,0
MI-MAINEXP-83043580,Empathy,4,0
MI-MAINEXP-54748611,Cultivating Change Talk,2,0
MI-MAINEXP-32813718,Softening Sustain Talk,4,0
MI-MAINEXP-83361536,Cultivating Change Talk,2,0
MI-MAINEXP-32813718,Partnership,3,0
MI-MAINEXP-54748611,Softening Sustain Talk,4,0
MI-MAINEXP-13615718,Empathy,4,0
MI-MAINEXP-13759398,Cultivating Change Talk,2,0
MI-MAINEXP-58796456,Softening Sustain Talk,4,0
MI-MAINEXP-58796456,Partnership,3,0
MI-MAINEXP-32813718,Empathy,3,0
MI-MAINEXP-83361536,Softening Sustain Talk,4,0
MI-MAINEXP-58796456,Empathy,4,0
MI-MAINEXP-54748611,Partnership,4,0
MI-MAINEXP-13759398,Partnership,4,0
MI-MAINEXP-83361536,Partnership,4,0
MI-MAINEXP-13759398,Softening Sustain Talk,4,0
MI-MAINEXP-54748611,Empathy,3,0
MI-MAINEXP-32876311,Cultivating Change Talk,2,0
MI-MAINEXP-59049541,Cultivating Change Talk,2,0
MI-MAINEXP-83361536,Empathy,4,0
MI-MAINEXP-13759398,Empathy,4,0
MI-MAINEXP-54814448,Cultivating Change Talk,2,0
MI-MAINEXP-32876311,Softening Sustain Talk,4,0
MI-MAINEXP-59049541,Softening Sustain Talk,4,0
MI-MAINEXP-83397685,Cultivating Change Talk,2,0
MI-MAINEXP-13816242,Cultivating Change Talk,2,0
MI-MAINEXP-59049541,Partnership,4,0
MI-MAINEXP-32876311,Partnership,4,0
MI-MAINEXP-54814448,Softening Sustain Talk,4,0
MI-MAINEXP-32876311,Empathy,4,0
MI-MAINEXP-59049541,Empathy,4,0
MI-MAINEXP-83397685,Softening Sustain Talk,4,0
MI-MAINEXP-83397685,Partnership,4,0
MI-MAINEXP-54814448,Partnership,4,0
MI-MAINEXP-13816242,Softening Sustain Talk,4,0
MI-MAINEXP-13816242,Partnership,3,0
MI-MAINEXP-54814448,Empathy,4,0
MI-MAINEXP-32924747,Cultivating Change Talk,2,0
MI-MAINEXP-5917077,Cultivating Change Talk,2,0
MI-MAINEXP-83397685,Empathy,3,0
MI-MAINEXP-13816242,Empathy,3,0
MI-MAINEXP-55680939,Cultivating Change Talk,2,0
MI-MAINEXP-32924747,Softening Sustain Talk,4,0
MI-MAINEXP-83530824,Cultivating Change Talk,2,0
MI-MAINEXP-32924747,Partnership,4,0
MI-MAINEXP-55680939,Softening Sustain Talk,4,0
MI-MAINEXP-14159391,Cultivating Change Talk,2,0
MI-MAINEXP-5917077,Partnership,3,0
MI-MAINEXP-5917077,Softening Sustain Talk,4,0
MI-MAINEXP-55680939,Partnership,4,0
MI-MAINEXP-32924747,Empathy,4,0
MI-MAINEXP-83530824,Softening Sustain Talk,4,0
MI-MAINEXP-83530824,Partnership,4,0
MI-MAINEXP-14159391,Softening Sustain Talk,4,0
MI-MAINEXP-32997466,Cultivating Change Talk,2,0
MI-MAINEXP-14159391,Partnership,4,0
MI-MAINEXP-55680939,Empathy,4,0
MI-MAINEXP-5917077,Empathy,4,0
MI-MAINEXP-5920483,Cultivating Change Talk,2,0
MI-MAINEXP-14159391,Empathy,4,0
MI-MAINEXP-83530824,Empathy,4,0
MI-MAINEXP-55787242,Cultivating Change Talk,2,0
MI-MAINEXP-32997466,Softening Sustain Talk,4,0
MI-MAINEXP-83581770,Cultivating Change Talk,1,0
MI-MAINEXP-32997466,Partnership,4,0
MI-MAINEXP-5920483,Softening Sustain Talk,4,0
MI-MAINEXP-14488173,Cultivating Change Talk,2,0
MI-MAINEXP-5920483,Partnership,4,0
MI-MAINEXP-83581770,Partnership,4,0
MI-MAINEXP-55787242,Softening Sustain Talk,4,0
MI-MAINEXP-5920483,Empathy,3,0
MI-MAINEXP-32997466,Empathy,4,0
MI-MAINEXP-14488173,Partnership,4,0
MI-MAINEXP-55787242,Partnership,3,0
MI-MAINEXP-83581770,Softening Sustain Talk,4,0
MI-MAINEXP-14488173,Softening Sustain Talk,4,0
MI-MAINEXP-55787242,Empathy,3,0
MI-MAINEXP-33135219,Cultivating Change Talk,2,0
MI-MAINEXP-59301000,Cultivating Change Talk,1,0
MI-MAINEXP-83581770,Empathy,3,0
MI-MAINEXP-55819434,Cultivating Change Talk,2,0
MI-MAINEXP-59301000,Softening Sustain Talk,4,0
MI-MAINEXP-83687757,Cultivating Change Talk,2,0
MI-MAINEXP-14488173,Empathy,3,0
MI-MAINEXP-10882405,Cultivating Change Talk,2,0
MI-MAINEXP-10882405,Partnership,4,0
MI-MAINEXP-33135219,Softening Sustain Talk,4,0
MI-MAINEXP-11076802,Cultivating Change Talk,2,0
MI-MAINEXP-10882405,Empathy,4,0
MI-MAINEXP-11076802,Partnership,4,0
MI-MAINEXP-10882405,Softening Sustain Talk,3,0
MI-MAINEXP-11076802,Empathy,4,0
MI-MAINEXP-11076802,Softening Sustain Talk,4,0
MI-MAINEXP-11287294,Cultivating Change Talk,2,0
MI-MAINEXP-11287294,Empathy,3,0
MI-MAINEXP-11287294,Partnership,4,0
MI-MAINEXP-11318309,Cultivating Change Talk,2,0
MI-MAINEXP-11318309,Empathy,4,0
MI-MAINEXP-11287294,Softening Sustain Talk,4,0
MI-MAINEXP-11318309,Partnership,3,0
MI-MAINEXP-11420517,Cultivating Change Talk,2,0
MI-MAINEXP-11318309,Softening Sustain Talk,3,0
MI-MAINEXP-11420517,Partnership,4,0
MI-MAINEXP-11420517,Empathy,3,0
MI-MAINEXP-11544405,Cultivating Change Talk,2,0
MI-MAINEXP-11420517,Softening Sustain Talk,4,0
MI-MAINEXP-11544405,Partnership,4,0
MI-MAINEXP-11544405,Empathy,4,0
MI-MAINEXP-11565881,Softening Sustain Talk,4,0
MI-MAINEXP-11565881,Empathy,4,0
MI-MAINEXP-11544405,Softening Sustain Talk,4,0
MI-MAINEXP-11565881,Cultivating Change Talk,2,0
MI-MAINEXP-11565881,Partnership,4,0
MI-MAINEXP-11765489,Partnership,4,0
MI-MAINEXP-11765489,Cultivating Change Talk,2,0
MI-MAINEXP-29950532,Partnership,3,0
MI-MAINEXP-78436121,Partnership,4,0
MI-MAINEXP-75765849,Cultivating Change Talk,2,0
MI-MAINEXP-29950532,Empathy,4,0
MI-MAINEXP-11765489,Softening Sustain Talk,3,0
MI-MAINEXP-78436121,Softening Sustain Talk,4,0
MI-MAINEXP-75765849,Softening Sustain Talk,4,0
MI-MAINEXP-30135956,Cultivating Change Talk,2,0
MI-MAINEXP-75765849,Partnership,4,0
MI-MAINEXP-78436121,Empathy,4,0
MI-MAINEXP-75765849,Empathy,3,0
MI-MAINEXP-78707624,Cultivating Change Talk,2,0
MI-MAINEXP-30135956,Softening Sustain Talk,4,0
MI-MAINEXP-30135956,Empathy,4,0
MI-MAINEXP-30135956,Partnership,4,0
MI-MAINEXP-75790594,Cultivating Change Talk,2,0
MI-MAINEXP-78707624,Softening Sustain Talk,3,0
MI-MAINEXP-30317482,Cultivating Change Talk,2,0
MI-MAINEXP-75790594,Softening Sustain Talk,4,0
MI-MAINEXP-75790594,Partnership,4,0
MI-MAINEXP-75790594,Empathy,4,0
MI-MAINEXP-78707624,Empathy,4,0
MI-MAINEXP-30317482,Partnership,2,0
MI-MAINEXP-30317482,Softening Sustain Talk,4,0
MI-MAINEXP-75977807,Cultivating Change Talk,2,0
MI-MAINEXP-30317482,Empathy,4,0
MI-MAINEXP-78969826,Cultivating Change Talk,2,0
MI-MAINEXP-78969826,Partnership,4,0
MI-MAINEXP-75977807,Softening Sustain Talk,3,0
MI-MAINEXP-78969826,Softening Sustain Talk,4,0
MI-MAINEXP-30447963,Cultivating Change Talk,2,0
MI-MAINEXP-78969826,Empathy,3,0
MI-MAINEXP-75977807,Empathy,4,0
MI-MAINEXP-78707624,Partnership,3,0
MI-MAINEXP-30447963,Softening Sustain Talk,4,0
MI-MAINEXP-30447963,Partnership,3,0
MI-MAINEXP-7919530,Cultivating Change Talk,2,0
MI-MAINEXP-75983799,Cultivating Change Talk,2,0
MI-MAINEXP-30447963,Empathy,4,0
MI-MAINEXP-7919530,Partnership,4,0
MI-MAINEXP-7919530,Softening Sustain Talk,4,0
MI-MAINEXP-75983799,Softening Sustain Talk,4,0
MI-MAINEXP-7919530,Empathy,4,0
MI-MAINEXP-30481298,Cultivating Change Talk,1,0
MI-MAINEXP-75983799,Partnership,4,0
MI-MAINEXP-75983799,Empathy,3,0
MI-MAINEXP-79255388,Cultivating Change Talk,2,0
MI-MAINEXP-30481298,Softening Sustain Talk,4,0
MI-MAINEXP-75995926,Cultivating Change Talk,2,0
MI-MAINEXP-30481298,Partnership,4,0
MI-MAINEXP-79255388,Softening Sustain Talk,4,0
MI-MAINEXP-30481298,Empathy,4,0
MI-MAINEXP-75995926,Softening Sustain Talk,4,0
MI-MAINEXP-30488132,Cultivating Change Talk,2,0
MI-MAINEXP-79255388,Empathy,3,0
MI-MAINEXP-79255388,Partnership,4,0
MI-MAINEXP-75995926,Empathy,4,0
MI-MAINEXP-75995926,Partnership,3,0
MI-MAINEXP-30488132,Partnership,3,0
MI-MAINEXP-30488132,Softening Sustain Talk,4,0
MI-MAINEXP-79502778,Cultivating Change Talk,2,0
MI-MAINEXP-76132711,Cultivating Change Talk,2,0
MI-MAINEXP-30488132,Empathy,3,0
MI-MAINEXP-75977807,Partnership,4,0
MI-MAINEXP-76132711,Softening Sustain Talk,4,0
MI-MAINEXP-79502778,Partnership,4,0
MI-MAINEXP-76132711,Partnership,4,0
MI-MAINEXP-79502778,Empathy,3,0
MI-MAINEXP-79502778,Softening Sustain Talk,4,0
MI-MAINEXP-30812278,Softening Sustain Talk,4,0
MI-MAINEXP-76132711,Empathy,3,0
MI-MAINEXP-30812278,Cultivating Change Talk,2,0
MI-MAINEXP-79507267,Cultivating Change Talk,2,0
MI-MAINEXP-30812278,Partnership,4,0
MI-MAINEXP-30812278,Empathy,4,0
MI-MAINEXP-76324221,Cultivating Change Talk,1,0
MI-MAINEXP-30855063,Cultivating Change Talk,2,0
MI-MAINEXP-76324221,Softening Sustain Talk,4,0
MI-MAINEXP-76324221,Partnership,3,0
MI-MAINEXP-79507267,Softening Sustain Talk,4,0
MI-MAINEXP-79507267,Empathy,4,0
MI-MAINEXP-79507267,Partnership,3,0
MI-MAINEXP-76324221,Empathy,4,0
MI-MAINEXP-79971204,Cultivating Change Talk,2,0
MI-MAINEXP-30855063,Softening Sustain Talk,4,0
MI-MAINEXP-76371121,Cultivating Change Talk,2,0
MI-MAINEXP-30855063,Empathy,4,0
MI-MAINEXP-30855063,Partnership,3,0
MI-MAINEXP-79971204,Softening Sustain Talk,4,0
MI-MAINEXP-79971204,Empathy,3,0
MI-MAINEXP-76371121,Partnership,3,0
MI-MAINEXP-79971204,Partnership,4,0
MI-MAINEXP-30865944,Cultivating Change Talk,2,0
MI-MAINEXP-72158208,Empathy,3,0
MI-MAINEXP-99821484,Empathy,4,0
MI-MAINEXP-51356353,Softening Sustain Talk,4,0
MI-MAINEXP-99887927,Cultivating Change Talk,2,0
MI-MAINEXP-72263432,Cultivating Change Talk,1,0
MI-MAINEXP-51356353,Partnership,3,0
MI-MAINEXP-51356353,Empathy,4,0
MI-MAINEXP-76371121,Softening Sustain Talk,4,0
MI-MAINEXP-99887927,Softening Sustain Talk,4,0
MI-MAINEXP-51484688,Cultivating Change Talk,2,0
MI-MAINEXP-72263432,Empathy,3,0
MI-MAINEXP-99887927,Partnership,4,0
MI-MAINEXP-72263432,Partnership,4,0
MI-MAINEXP-72263432,Softening Sustain Talk,4,0
MI-MAINEXP-99887927,Empathy,4,0
MI-MAINEXP-51484688,Softening Sustain Talk,4,0
MI-MAINEXP-7232084,Cultivating Change Talk,2,0
MI-MAINEXP-51484688,Partnership,4,0
MI-MAINEXP-51484688,Empathy,4,0
MI-MAINEXP-51618239,Cultivating Change Talk,1,0
MI-MAINEXP-7232084,Softening Sustain Talk,4,0
MI-MAINEXP-7232084,Partnership,3,0
MI-MAINEXP-51618239,Softening Sustain Talk,4,0
MI-MAINEXP-7232084,Empathy,3,0
MI-MAINEXP-51618239,Partnership,3,0
MI-MAINEXP-72564271,Cultivating Change Talk,2,0
MI-MAINEXP-51618239,Empathy,3,0
MI-MAINEXP-72564271,Softening Sustain Talk,4,0
MI-MAINEXP-51945090,Cultivating Change Talk,2,0
MI-MAINEXP-72564271,Partnership,4,0
MI-MAINEXP-72564271,Empathy,4,0
MI-MAINEXP-51945090,Empathy,4,0
MI-MAINEXP-51945090,Partnership,3,0
MI-MAINEXP-51972675,Cultivating Change Talk,2,0
MI-MAINEXP-72654966,Cultivating Change Talk,2,0
MI-MAINEXP-51945090,Softening Sustain Talk,4,0
MI-MAINEXP-72654966,Partnership,4,0
MI-MAINEXP-72654966,Softening Sustain Talk,4,0
MI-MAINEXP-51972675,Softening Sustain Talk,4,0
MI-MAINEXP-72654966,Empathy,4,0
MI-MAINEXP-51972675,Partnership,4,0
MI-MAINEXP-52189779,Cultivating Change Talk,1,0
MI-MAINEXP-72741981,Cultivating Change Talk,2,0
MI-MAINEXP-51972675,Empathy,4,0
MI-MAINEXP-72741981,Partnership,4,0
MI-MAINEXP-72741981,Softening Sustain Talk,4,0
MI-MAINEXP-72741981,Empathy,4,0
MI-MAINEXP-52189779,Partnership,4,0
MI-MAINEXP-52189779,Empathy,4,0
MI-MAINEXP-52189779,Softening Sustain Talk,4,0
MI-MAINEXP-72801530,Cultivating Change Talk,3,0
MI-MAINEXP-52253899,Cultivating Change Talk,2,0
MI-MAINEXP-72801530,Partnership,4,0
MI-MAINEXP-72801530,Softening Sustain Talk,4,0
MI-MAINEXP-72801530,Empathy,4,0
MI-MAINEXP-52253899,Softening Sustain Talk,4,0
MI-MAINEXP-72869632,Cultivating Change Talk,2,0
MI-MAINEXP-52253899,Partnership,3,0
MI-MAINEXP-52253899,Empathy,4,0
MI-MAINEXP-52313149,Cultivating Change Talk,2,0
MI-MAINEXP-72869632,Softening Sustain Talk,4,0
MI-MAINEXP-72869632,Empathy,4,0
MI-MAINEXP-72869632,Partnership,4,0
MI-MAINEXP-52313149,Partnership,4,0
MI-MAINEXP-52313149,Softening Sustain Talk,4,0
MI-MAINEXP-52313149,Empathy,4,0
MI-MAINEXP-73278561,Cultivating Change Talk,3,0
MI-MAINEXP-48179856,Cultivating Change Talk,2,0
MI-MAINEXP-45028619,Empathy,4,0
MI-MAINEXP-96248795,Partnership,2,0
MI-MAINEXP-73278561,Softening Sustain Talk,4,0
MI-MAINEXP-27667710,Partnership,3,0
MI-MAINEXP-45149792,Cultivating Change Talk,2,0
MI-MAINEXP-48179856,Softening Sustain Talk,4,0
MI-MAINEXP-96248795,Empathy,4,0
MI-MAINEXP-48179856,Partnership,4,0
MI-MAINEXP-96329251,Cultivating Change Talk,2,0
MI-MAINEXP-27722966,Cultivating Change Talk,2,0
MI-MAINEXP-27667710,Empathy,4,0
MI-MAINEXP-45149792,Partnership,3,0
MI-MAINEXP-48179856,Empathy,3,0
MI-MAINEXP-45149792,Softening Sustain Talk,4,0
MI-MAINEXP-48440570,Cultivating Change Talk,2,0
MI-MAINEXP-45149792,Empathy,4,0
MI-MAINEXP-27722966,Softening Sustain Talk,4,0
MI-MAINEXP-27722966,Partnership,4,0
MI-MAINEXP-96329251,Partnership,3,0
MI-MAINEXP-96329251,Softening Sustain Talk,4,0
MI-MAINEXP-96329251,Empathy,4,0
MI-MAINEXP-45213242,Cultivating Change Talk,1,0
MI-MAINEXP-48440570,Softening Sustain Talk,-999,Unterminated string starting at: line 1 column 31 (char 30)
MI-MAINEXP-27722966,Empathy,4,0
MI-MAINEXP-48440570,Partnership,3,0
MI-MAINEXP-48440570,Empathy,4,0
MI-MAINEXP-45213242,Softening Sustain Talk,4,0
MI-MAINEXP-9633963,Cultivating Change Talk,2,0
MI-MAINEXP-45213242,Partnership,4,0
MI-MAINEXP-9633963,Softening Sustain Talk,4,0
MI-MAINEXP-27893998,Cultivating Change Talk,2,0
MI-MAINEXP-27893998,Softening Sustain Talk,4,0
MI-MAINEXP-45213242,Empathy,4,0
MI-MAINEXP-48502979,Cultivating Change Talk,2,0
MI-MAINEXP-45291726,Cultivating Change Talk,2,0
MI-MAINEXP-27893998,Partnership,3,0
MI-MAINEXP-9633963,Partnership,3,0
MI-MAINEXP-9633963,Empathy,3,0
MI-MAINEXP-27893998,Empathy,4,0
MI-MAINEXP-48502979,Softening Sustain Talk,4,0
MI-MAINEXP-45291726,Softening Sustain Talk,4,0
MI-MAINEXP-48502979,Partnership,4,0
MI-MAINEXP-96363616,Cultivating Change Talk,2,0
MI-MAINEXP-48502979,Empathy,4,0
MI-MAINEXP-27917972,Cultivating Change Talk,2,0
MI-MAINEXP-27667710,Softening Sustain Talk,4,0
MI-MAINEXP-45291726,Partnership,3,0
MI-MAINEXP-96363616,Softening Sustain Talk,4,0
MI-MAINEXP-45291726,Empathy,4,0
MI-MAINEXP-48536459,Cultivating Change Talk,1,0
MI-MAINEXP-27917972,Softening Sustain Talk,4,0
MI-MAINEXP-96363616,Partnership,4,0
MI-MAINEXP-45441038,Cultivating Change Talk,2,0
MI-MAINEXP-27917972,Partnership,4,0
MI-MAINEXP-48536459,Softening Sustain Talk,4,0
MI-MAINEXP-96363616,Empathy,4,0
MI-MAINEXP-27917972,Empathy,3,0
MI-MAINEXP-96963453,Cultivating Change Talk,2,0
MI-MAINEXP-45441038,Softening Sustain Talk,4,0
MI-MAINEXP-48536459,Partnership,3,0
MI-MAINEXP-27956634,Cultivating Change Talk,1,0
MI-MAINEXP-48536459,Empathy,3,0
MI-MAINEXP-27956634,Softening Sustain Talk,4,0
MI-MAINEXP-96963453,Softening Sustain Talk,4,0
MI-MAINEXP-45441038,Empathy,3,0
MI-MAINEXP-45512846,Cultivating Change Talk,2,0
MI-MAINEXP-27956634,Partnership,3,0
MI-MAINEXP-96963453,Partnership,4,0
MI-MAINEXP-48589688,Cultivating Change Talk,1,0
MI-MAINEXP-96963453,Empathy,4,0
MI-MAINEXP-27956634,Empathy,4,0
MI-MAINEXP-48589688,Softening Sustain Talk,4,0
MI-MAINEXP-28110811,Cultivating Change Talk,2,0
MI-MAINEXP-48589688,Empathy,4,0
MI-MAINEXP-48589688,Partnership,3,0
MI-MAINEXP-96978140,Cultivating Change Talk,1,0
MI-MAINEXP-45512846,Partnership,4,0
MI-MAINEXP-45512846,Softening Sustain Talk,4,0
MI-MAINEXP-28110811,Partnership,4,0
MI-MAINEXP-96978140,Partnership,3,0
MI-MAINEXP-48602991,Cultivating Change Talk,2,0
MI-MAINEXP-28110811,Softening Sustain Talk,4,0
MI-MAINEXP-45512846,Empathy,4,0
MI-MAINEXP-96978140,Softening Sustain Talk,4,0
MI-MAINEXP-45593577,Cultivating Change Talk,2,0
MI-MAINEXP-28110811,Empathy,4,0
MI-MAINEXP-96978140,Empathy,4,0
MI-MAINEXP-48602991,Partnership,3,0
MI-MAINEXP-48602991,Softening Sustain Talk,4,0
MI-MAINEXP-97048480,Cultivating Change Talk,2,0
MI-MAINEXP-45593577,Softening Sustain Talk,4,0
MI-MAINEXP-28282260,Cultivating Change Talk,1,0
MI-MAINEXP-45593577,Partnership,3,0
MI-MAINEXP-48602991,Empathy,4,0
MI-MAINEXP-45593577,Empathy,4,0
MI-MAINEXP-48880716,Cultivating Change Talk,2,0
MI-MAINEXP-97048480,Softening Sustain Talk,4,0
MI-MAINEXP-28282260,Softening Sustain Talk,4,0
MI-MAINEXP-28282260,Partnership,3,0
MI-MAINEXP-45896322,Cultivating Change Talk,1,0
MI-MAINEXP-28282260,Empathy,3,0
MI-MAINEXP-48880716,Softening Sustain Talk,3,0
MI-MAINEXP-97048480,Empathy,3,0
MI-MAINEXP-45896322,Softening Sustain Talk,4,0
MI-MAINEXP-97048480,Partnership,4,0
MI-MAINEXP-48880716,Partnership,4,0
MI-MAINEXP-97230220,Cultivating Change Talk,2,0
MI-MAINEXP-48880716,Empathy,4,0
MI-MAINEXP-28432436,Cultivating Change Talk,2,0
MI-MAINEXP-45896322,Empathy,3,0
MI-MAINEXP-97230220,Softening Sustain Talk,4,0
MI-MAINEXP-48930806,Cultivating Change Talk,2,0
MI-MAINEXP-28432436,Partnership,4,0
MI-MAINEXP-28432436,Softening Sustain Talk,4,0
MI-MAINEXP-97230220,Partnership,4,0
MI-MAINEXP-45896322,Partnership,4,0
MI-MAINEXP-46167855,Cultivating Change Talk,2,0
MI-MAINEXP-97230220,Empathy,4,0
MI-MAINEXP-28432436,Empathy,4,0
MI-MAINEXP-48930806,Softening Sustain Talk,4,0
MI-MAINEXP-48930806,Partnership,3,0
MI-MAINEXP-46167855,Softening Sustain Talk,4,0
MI-MAINEXP-24751296,Cultivating Change Talk,2,0
MI-MAINEXP-97365423,Cultivating Change Talk,2,0
MI-MAINEXP-24751296,Partnership,4,0
MI-MAINEXP-24751622,Cultivating Change Talk,2,0
MI-MAINEXP-45441038,Partnership,4,0
MI-MAINEXP-24751622,Empathy,4,0
MI-MAINEXP-24751622,Partnership,3,0
MI-MAINEXP-24751296,Empathy,4,0
MI-MAINEXP-24751622,Softening Sustain Talk,4,0
MI-MAINEXP-24781097,Cultivating Change Talk,2,0
MI-MAINEXP-24781097,Partnership,4,0
MI-MAINEXP-24781097,Empathy,4,0
MI-MAINEXP-24781097,Softening Sustain Talk,4,0
MI-MAINEXP-24786300,Partnership,4,0
MI-MAINEXP-24786300,Cultivating Change Talk,2,0
MI-MAINEXP-24786300,Empathy,4,0
MI-MAINEXP-24786300,Softening Sustain Talk,4,0
MI-MAINEXP-24850491,Cultivating Change Talk,4,0
MI-MAINEXP-24850491,Partnership,4,0
MI-MAINEXP-24850491,Empathy,3,0
MI-MAINEXP-2501791,Cultivating Change Talk,2,0
MI-MAINEXP-24850491,Softening Sustain Talk,4,0
MI-MAINEXP-2501791,Partnership,4,0
MI-MAINEXP-2501791,Empathy,4,0
MI-MAINEXP-2501791,Softening Sustain Talk,4,0
MI-MAINEXP-25357562,Cultivating Change Talk,2,0
MI-MAINEXP-25357562,Softening Sustain Talk,2,0
MI-MAINEXP-2542158,Cultivating Change Talk,2,0
MI-MAINEXP-25357562,Empathy,4,0
MI-MAINEXP-25357562,Partnership,3,0
MI-MAINEXP-20146123,Partnership,3,0
MI-MAINEXP-2542158,Partnership,4,0
MI-MAINEXP-21860228,Empathy,4,0
MI-MAINEXP-93786446,Softening Sustain Talk,4,0
MI-MAINEXP-66060144,Softening Sustain Talk,4,0
MI-MAINEXP-2542158,Softening Sustain Talk,4,0
MI-MAINEXP-20146123,Empathy,3,0
MI-MAINEXP-66060144,Partnership,4,0
MI-MAINEXP-21979264,Cultivating Change Talk,2,0
MI-MAINEXP-69834586,Empathy,4,0
MI-MAINEXP-69834586,Partnership,4,0
MI-MAINEXP-93786446,Partnership,3,0
MI-MAINEXP-66060144,Empathy,3,0
MI-MAINEXP-20179369,Cultivating Change Talk,2,0
MI-MAINEXP-69999531,Cultivating Change Talk,2,0
MI-MAINEXP-21979264,Softening Sustain Talk,4,0
MI-MAINEXP-93786446,Empathy,4,0
MI-MAINEXP-66079304,Cultivating Change Talk,2,0
MI-MAINEXP-21979264,Partnership,4,0
MI-MAINEXP-93880277,Cultivating Change Talk,2,0
MI-MAINEXP-21979264,Empathy,4,0
MI-MAINEXP-20179369,Partnership,4,0
MI-MAINEXP-69999531,Softening Sustain Talk,4,0
MI-MAINEXP-20179369,Softening Sustain Talk,4,0
MI-MAINEXP-69999531,Partnership,4,0
MI-MAINEXP-66079304,Softening Sustain Talk,4,0
MI-MAINEXP-20179369,Empathy,4,0
MI-MAINEXP-66079304,Partnership,3,0
MI-MAINEXP-22039634,Cultivating Change Talk,1,0
MI-MAINEXP-93880277,Softening Sustain Talk,4,0
MI-MAINEXP-69999531,Empathy,4,0
MI-MAINEXP-93880277,Partnership,4,0
MI-MAINEXP-66079304,Empathy,3,0
MI-MAINEXP-20281538,Cultivating Change Talk,1,0
MI-MAINEXP-93880277,Empathy,4,0
MI-MAINEXP-22039634,Softening Sustain Talk,4,0
MI-MAINEXP-70019678,Cultivating Change Talk,2,0
MI-MAINEXP-24751296,Softening Sustain Talk,4,0
MI-MAINEXP-20281538,Softening Sustain Talk,4,0
MI-MAINEXP-22039634,Partnership,4,0
MI-MAINEXP-93964851,Cultivating Change Talk,2,0
MI-MAINEXP-66200571,Cultivating Change Talk,2,0
MI-MAINEXP-22039634,Empathy,4,0
MI-MAINEXP-20281538,Partnership,2,0
MI-MAINEXP-70019678,Partnership,4,0
MI-MAINEXP-70019678,Softening Sustain Talk,4,0
MI-MAINEXP-66200571,Softening Sustain Talk,4,0
MI-MAINEXP-93964851,Softening Sustain Talk,4,0
MI-MAINEXP-70019678,Empathy,4,0
MI-MAINEXP-22094085,Cultivating Change Talk,2,0
MI-MAINEXP-66200571,Partnership,4,0
MI-MAINEXP-93964851,Partnership,4,0
MI-MAINEXP-20281538,Empathy,4,0
MI-MAINEXP-20323770,Cultivating Change Talk,2,0
MI-MAINEXP-66200571,Empathy,4,0
MI-MAINEXP-93964851,Empathy,4,0
MI-MAINEXP-22094085,Softening Sustain Talk,4,0
MI-MAINEXP-70066492,Cultivating Change Talk,2,0
MI-MAINEXP-22094085,Partnership,4,0
MI-MAINEXP-20323770,Softening Sustain Talk,4,0
MI-MAINEXP-70066492,Softening Sustain Talk,4,0
MI-MAINEXP-66421335,Cultivating Change Talk,3,0
MI-MAINEXP-20323770,Partnership,4,0
MI-MAINEXP-22094085,Empathy,4,0
MI-MAINEXP-70066492,Partnership,4,0
MI-MAINEXP-94056800,Cultivating Change Talk,2,0
MI-MAINEXP-66421335,Softening Sustain Talk,4,0
MI-MAINEXP-94056800,Softening Sustain Talk,4,0
MI-MAINEXP-20323770,Empathy,4,0
MI-MAINEXP-70066492,Empathy,4,0
MI-MAINEXP-22122473,Cultivating Change Talk,2,0
MI-MAINEXP-66421335,Partnership,3,0
MI-MAINEXP-20408338,Cultivating Change Talk,2,0
MI-MAINEXP-94056800,Partnership,3,0
MI-MAINEXP-66421335,Empathy,4,0
MI-MAINEXP-70219644,Cultivating Change Talk,2,0
MI-MAINEXP-94056800,Empathy,4,0
MI-MAINEXP-66477661,Cultivating Change Talk,2,0
MI-MAINEXP-94092071,Cultivating Change Talk,1,0
MI-MAINEXP-20408338,Softening Sustain Talk,4,0
MI-MAINEXP-22122473,Partnership,4,0
MI-MAINEXP-22122473,Softening Sustain Talk,4,0
MI-MAINEXP-20408338,Partnership,3,0
MI-MAINEXP-22122473,Empathy,4,0
MI-MAINEXP-70219644,Partnership,2,0
MI-MAINEXP-70219644,Softening Sustain Talk,4,0
MI-MAINEXP-20408338,Empathy,4,0
MI-MAINEXP-70219644,Empathy,3,0
MI-MAINEXP-66477661,Partnership,4,0
MI-MAINEXP-22348178,Cultivating Change Talk,2,0
MI-MAINEXP-66477661,Softening Sustain Talk,4,0
MI-MAINEXP-94092071,Softening Sustain Talk,4,0
MI-MAINEXP-94092071,Partnership,4,0
MI-MAINEXP-20641483,Cultivating Change Talk,2,0
MI-MAINEXP-22348178,Softening Sustain Talk,4,0
MI-MAINEXP-66477661,Empathy,4,0
MI-MAINEXP-94092071,Empathy,3,0
MI-MAINEXP-70362234,Cultivating Change Talk,2,0
MI-MAINEXP-22348178,Partnership,3,0
MI-MAINEXP-20641483,Softening Sustain Talk,4,0
MI-MAINEXP-66543347,Cultivating Change Talk,2,0
MI-MAINEXP-22348178,Empathy,4,0
MI-MAINEXP-94422184,Cultivating Change Talk,3,0
MI-MAINEXP-70362234,Partnership,4,0
MI-MAINEXP-20641483,Partnership,4,0
MI-MAINEXP-70362234,Softening Sustain Talk,4,0
MI-MAINEXP-66543347,Softening Sustain Talk,4,0
MI-MAINEXP-20641483,Empathy,4,0
MI-MAINEXP-94422184,Softening Sustain Talk,4,0
MI-MAINEXP-70362234,Empathy,4,0
MI-MAINEXP-22563496,Cultivating Change Talk,1,0
MI-MAINEXP-94422184,Partnership,4,0
MI-MAINEXP-66543347,Partnership,4,0
MI-MAINEXP-20667982,Cultivating Change Talk,2,0
MI-MAINEXP-66543347,Empathy,4,0
MI-MAINEXP-22563496,Softening Sustain Talk,4,0
MI-MAINEXP-70503133,Cultivating Change Talk,2,0
MI-MAINEXP-94422184,Empathy,4,0
MI-MAINEXP-22563496,Partnership,4,0
MI-MAINEXP-66827917,Cultivating Change Talk,2,0
MI-MAINEXP-20667982,Softening Sustain Talk,4,0
MI-MAINEXP-94525742,Cultivating Change Talk,2,0
MI-MAINEXP-22563496,Empathy,3,0
MI-MAINEXP-20667982,Partnership,3,0
MI-MAINEXP-70503133,Softening Sustain Talk,4,0
MI-MAINEXP-70503133,Partnership,3,0
MI-MAINEXP-20667982,Empathy,4,0
MI-MAINEXP-94525742,Softening Sustain Talk,4,0
MI-MAINEXP-66827917,Softening Sustain Talk,4,0
MI-MAINEXP-94525742,Partnership,4,0
MI-MAINEXP-66827917,Partnership,4,0
MI-MAINEXP-70503133,Empathy,3,0
MI-MAINEXP-22631799,Cultivating Change Talk,2,0
MI-MAINEXP-20830304,Cultivating Change Talk,2,0
MI-MAINEXP-66827917,Empathy,3,0
MI-MAINEXP-94525742,Empathy,3,0
MI-MAINEXP-22631799,Softening Sustain Talk,4,0
MI-MAINEXP-70566815,Cultivating Change Talk,1,0
MI-MAINEXP-22631799,Partnership,4,0
MI-MAINEXP-20830304,Softening Sustain Talk,4,0
MI-MAINEXP-6694720,Cultivating Change Talk,2,0
MI-MAINEXP-70566815,Softening Sustain Talk,4,0
MI-MAINEXP-20830304,Partnership,3,0
MI-MAINEXP-22631799,Empathy,4,0
MI-MAINEXP-94685885,Cultivating Change Talk,2,0
MI-MAINEXP-6694720,Softening Sustain Talk,4,0
MI-MAINEXP-70566815,Partnership,4,0
MI-MAINEXP-20830304,Empathy,3,0
MI-MAINEXP-94685885,Softening Sustain Talk,3,0
MI-MAINEXP-22633233,Cultivating Change Talk,2,0
MI-MAINEXP-94685885,Partnership,4,0
MI-MAINEXP-6694720,Partnership,4,0
MI-MAINEXP-70566815,Empathy,3,0
MI-MAINEXP-94685885,Empathy,4,0
MI-MAINEXP-6694720,Empathy,4,0
MI-MAINEXP-7064266,Cultivating Change Talk,2,0
MI-MAINEXP-20843195,Cultivating Change Talk,1,0
MI-MAINEXP-22633233,Softening Sustain Talk,4,0
